internalTaxonId,scientificName,kingdomName,phylumName,className,orderName,familyName,genusName,speciesName,infraType,infraName,infraAuthority,subpopulationName,authority,taxonomicNotes
133159,Astrea devantieri,ANIMALIA,CNIDARIA,ANTHOZOA,SCLERACTINIA,MERULINIDAE,Astrea,devantieri,,,,,"(Veron, 2002)","<span style=""background-color: rgb(255, 255, 0);"">&#160;this assessment to change to A. rotulosa - it is valid in Worms. devantieri should be considered a synonym, rotulosa was previously referred to as devantieri but rotulosa has been resurrrected and is now the valid name for this species<br/></span><br/><span style=""background-color: white;"">According to Veron <em>et al</em>. (2016), this species is a synonym of <em>Astrea rotulosa</em>. According to Huang <em>et al</em>. (2014), it is a valid sister species of <em>A. rotulosa</em>. It is accepted in the WoRMS online database (accessed February 2023).&#160;The name <em>A. devantieri</em> is a synonym of <em>A. rotulosa</em> (D. Huang pers. comm. 2023).</span>"
133475,Acropora pagoensis,ANIMALIA,CNIDARIA,ANTHOZOA,SCLERACTINIA,ACROPORIDAE,Acropora,pagoensis,,,,,"Hoffmeister, 1925","<span style=""background-color: rgb(255, 255, 0);"">Attention RLU: This species is now considered a synonym of&#160;</span><span style=""background-color: rgb(255, 255, 0);""><em>Acropora eurystoma</em></span><span style=""background-color: rgb(255, 255, 0);"">. For reference please see WoRMS:&#160;<a href=""http://www.marinespecies.org/aphia.php?p=taxdetails&amp;id=411144"">http://www.marinespecies.org/aphia.php?p=taxdetails&amp;id=411144</a></span><span style=""background-color: rgb(255, 255, 0);"">.&#160;</span><span style=""background-color: rgb(255, 255, 0);"">C. Linardich 4Jan2022</span><br/><br/>This species is likely a synonym of <em>Acropora&#160;</em><em>tenuis</em>&#160;or&#160;<em>A. yongei</em>&#160;(Wallace 1999)."
133578,Favites bestae,ANIMALIA,CNIDARIA,ANTHOZOA,SCLERACTINIA,MERULINIDAE,Favites,bestae,,,,,"Veron, 2002","<span style=""background-color: rgb(255, 255, 0);"">Attention RLU: This species is now considered a synonym of&#160;</span><span style=""background-color: rgb(255, 255, 0);""><em>Favites melicerum</em></span><span style=""background-color: rgb(255, 255, 0);"">. For reference please see WoRMS:&#160;<a href=""http://www.marinespecies.org/aphia.php?p=taxdetails&amp;id=411194"">http://www.marinespecies.org/aphia.php?p=taxdetails&amp;id=411194</a></span><span style=""background-color: rgb(255, 255, 0);"">.&#160;</span><span style=""background-color: rgb(255, 255, 0);"">C. Linardich 4Jan2022</span>"
133580,Montipora hirsuta,ANIMALIA,CNIDARIA,ANTHOZOA,SCLERACTINIA,ACROPORIDAE,Montipora,hirsuta,,,,,"Nemenzo, 1967","<span style=""background-color: rgb(255, 255, 0);"">Attention RLU: This species is now considered a synonym of&#160;</span><span style=""background-color: rgb(255, 255, 0);""><em>Montipora carinata</em></span><span style=""background-color: rgb(255, 255, 0);"">. For reference please see WoRMS:&#160;<a href=""http://www.marinespecies.org/aphia.php?p=taxdetails&amp;id=287711"">http://www.marinespecies.org/aphia.php?p=taxdetails&amp;id=287711</a></span><span style=""background-color: rgb(255, 255, 0);"">.&#160;</span><span style=""background-color: rgb(255, 255, 0);"">C. Linardich 5Jan2022</span>"
133631,Erythrastrea flabellata,ANIMALIA,CNIDARIA,ANTHOZOA,SCLERACTINIA,FAVIIDAE,Erythrastrea,flabellata,,,,,"Scheer &amp; Pillai, 1983","<span style=""background-color: white;"">This species is an objective synonym of <em style="""">Lobophyllia wellsi</em>, which has been transferred to <em style="""">Oulophyllia </em>following integrative morpho-molecular analyses (Arrigoni <em style="""">et al.</em> 2021).</span>"
133678,Acropora copiosa,ANIMALIA,CNIDARIA,ANTHOZOA,SCLERACTINIA,ACROPORIDAE,Acropora,copiosa,,,,,"Nemenzo, 1967",
133692,Parasimplastrea sheppardi,ANIMALIA,CNIDARIA,ANTHOZOA,SCLERACTINIA,FAVIIDAE,Parasimplastrea,sheppardi,,,,,"Veron, 2002","According to Benzoni <em>et al</em>. (2014), the neotype of <em>Parasimplastrea sheppardi </em>Veron, 2000 (as designated by Veron 2002) is actually a specimen of <em>Blastomussa loyae</em> Head, 1978. <em>Blastomussa loyae</em>, previously considered an ecomorph of <em>B. merleti </em>(Veron 2000), is now considered a valid species (Kleeman and Baal 2011). As a result, <em>P. sheppardi</em> is a subjective junior synonym of <em>B. loyae</em>&#160;(Benzoni <em>et al</em>. 2014)."
14500,Nematostella vectensis,ANIMALIA,CNIDARIA,ANTHOZOA,ACTINIARIA,EDWARDSIIDAE,Nematostella,vectensis,,,,,"Stephenson, 1935",
63578,Endopsammia pourtalesi,ANIMALIA,CNIDARIA,ANTHOZOA,SCLERACTINIA,DENDROPHYLLIIDAE,Endopsammia,pourtalesi,,,,,"(Durham &amp; Barnard, 1952)",
63579,Rhizopsammia wellingtoni,ANIMALIA,CNIDARIA,ANTHOZOA,SCLERACTINIA,DENDROPHYLLIIDAE,Rhizopsammia,wellingtoni,,,,,"Wells, 1982",
63580,Tubastraea floreana,ANIMALIA,CNIDARIA,ANTHOZOA,SCLERACTINIA,DENDROPHYLLIIDAE,Tubastraea,floreana,,,,,"Wells, 1982",
63581,Flabellum daphnense,ANIMALIA,CNIDARIA,ANTHOZOA,SCLERACTINIA,FLABELLIDAE,Flabellum,daphnense,,,,,"(Durham &amp; Barnard, 1952)","<span style=""background-color: yellow;"">Attention RLU: Please change the taxonomic authority from (Durham &amp; Barnard, 1952) to Durham &amp; Barnard, 1952. Reference is WoRMS. - C. Linardich 13Jan2022</span>"
63582,Pseudocyathoceras avis,ANIMALIA,CNIDARIA,ANTHOZOA,SCLERACTINIA,TURBINOLIIDAE,Pseudocyathoceras,avis,,,,,"(Durham &amp; Barnard, 1952)",
63573,Caryophyllia solida,ANIMALIA,CNIDARIA,ANTHOZOA,SCLERACTINIA,CARYOPHYLLIIDAE,Caryophyllia,solida,,,,,"Cairns, 1991",
63574,Concentrotheca vaughani,ANIMALIA,CNIDARIA,ANTHOZOA,SCLERACTINIA,CARYOPHYLLIIDAE,Concentrotheca,vaughani,,,,,"Cairns, 1991",
63575,Crispatotrochus galapagensis,ANIMALIA,CNIDARIA,ANTHOZOA,SCLERACTINIA,CARYOPHYLLIIDAE,Crispatotrochus,galapagensis,,,,,"Cairns, 1991",
63576,Polycyathus isabela,ANIMALIA,CNIDARIA,ANTHOZOA,SCLERACTINIA,CARYOPHYLLIIDAE,Polycyathus,isabela,,,,,"Wells, 1982",
63577,Dendrophyllia johnsoni,ANIMALIA,CNIDARIA,ANTHOZOA,SCLERACTINIA,DENDROPHYLLIIDAE,Dendrophyllia,johnsoni,,,,,"Cairns, 1991",
8262,Eunicella verrucosa,ANIMALIA,CNIDARIA,ANTHOZOA,ALCYONACEA,PLEXAURIDAE,Eunicella,verrucosa,,,,,"(Pallas, 1766)",
50020625,Clavularia carpediem,ANIMALIA,CNIDARIA,ANTHOZOA,ALCYONACEA,CORNULARIIDAE,Clavularia,carpediem,,,,,"Weinberg, 1986",
50020621,Clavularia crassa,ANIMALIA,CNIDARIA,ANTHOZOA,ALCYONACEA,CORNULARIIDAE,Clavularia,crassa,,,,,"(Milne Edwards, 1848)",
50011071,Maasella edwardsii,ANIMALIA,CNIDARIA,ANTHOZOA,ALCYONACEA,PARALCYONIIDAE,Maasella,edwardsii,,,,,"(de Lacaze-Duthiers, 1888)",
50012470,Paramuricea macrospina,ANIMALIA,CNIDARIA,ANTHOZOA,MALACALCYONCAEA,PARAMURICEIDAE,Paramuricea,macrospina,,,,,"(Koch, 1882)","The species was firstly described as <em>Muricea macrospina</em> (Koch, 1882) and many times considered as a variety of the red gorgonian (<em>Paramuricea clavata</em>) or misidentified as <em>Paramuricea placomus</em> (Pax &amp; Müller, 1962), but finally accepted as a different species (Carpine &amp; Grasshoff, 1975).<br/><p><br/></p>"
50107293,Bunodeopsis strumosa,ANIMALIA,CNIDARIA,ANTHOZOA,ACTINIARIA,BOLOCEROIDIDAE,Bunodeopsis,strumosa,,,,,"Andrès, 1881",
50160898,Cladopsammia rolandi,ANIMALIA,CNIDARIA,ANTHOZOA,SCLERACTINIA,DENDROPHYLLIIDAE,Cladopsammia,rolandi,,,,,"Lacaze-Duthiers, 1897",
50107605,Actinia cari,ANIMALIA,CNIDARIA,ANTHOZOA,ACTINIARIA,ACTINIIDAE,Actinia,cari,,,,,"Delle Chiaje, 1822","Some biologist in the past have seen the species as a variety form of <em>A. equine</em> (Pax, 1907) but today it is seen as a separate species by most workers."
50113365,Cribrinopsis crassa,ANIMALIA,CNIDARIA,ANTHOZOA,ACTINIARIA,ACTINIIDAE,Cribrinopsis,crassa,,,,,"(Andrès, 1881)",
50148677,Paranemonia cinerea,ANIMALIA,CNIDARIA,ANTHOZOA,ACTINIARIA,ACTINIIDAE,Paranemonia,cinerea,,,,,"(Contarini, 1844)",
50148695,Paranemonia vouliagmeniensis,ANIMALIA,CNIDARIA,ANTHOZOA,ACTINIARIA,ACTINIIDAE,Paranemonia,vouliagmeniensis,,,,,"Doumenc, England &amp; Chintiroglou, 1987","This species could be considered as a species of the Genus Actinia by some authors (Verena Haussermann, 2003)."
50148787,Segonzactis hartogi,ANIMALIA,CNIDARIA,ANTHOZOA,ACTINIARIA,CONDYLANTHIDAE,Segonzactis,hartogi,,,,,"Dimitris &amp; Chariton, 2002",
50148930,Phymanthus pulcher,ANIMALIA,CNIDARIA,ANTHOZOA,ACTINIARIA,PHYMANTHIDAE,Phymanthus,pulcher,,,,,"(Andrès, 1883)",
50016125,Crassophyllum thessalonicae,ANIMALIA,CNIDARIA,ANTHOZOA,PENNATULACEA,PENNATULIDAE,Crassophyllum,thessalonicae,,,,,"Vafidis &amp; Koukouras, 1991",
133388,Pocillopora setchelli,ANIMALIA,CNIDARIA,ANTHOZOA,SCLERACTINIA,POCILLOPORIDAE,Pocillopora,setchelli,,,,,"Hoffmeister, 1929","<span style=""background-color: rgb(255, 255, 0);"">Attention RLU: This species is now considered a synonym of&#160;</span><span style=""background-color: rgb(255, 255, 0);""><em>Pocillopora brevicornis</em></span><span style=""background-color: rgb(255, 255, 0);"">. For reference please see WoRMS:&#160;<a href=""http://www.marinespecies.org/aphia.php?p=taxdetails&amp;id=206967"">http://www.marinespecies.org/aphia.php?p=taxdetails&amp;id=206967</a></span><span style=""background-color: rgb(255, 255, 0);"">.&#160;</span><span style=""background-color: rgb(255, 255, 0);"">C. Linardich 5Jan2022&#160;<br/><br/></span>"
133407,Pocillopora eydouxi,ANIMALIA,CNIDARIA,ANTHOZOA,SCLERACTINIA,POCILLOPORIDAE,Pocillopora,eydouxi,,,,,"Milne Edwards &amp; Haime, 1860","<span style=""background-color: rgb(255, 255, 0);"">Attention RLU: This species is now considered a synonym of&#160;</span><span style=""background-color: rgb(255, 255, 0);""><em>Pocillopora grandis</em></span><span style=""background-color: rgb(255, 255, 0);"">. For reference please see WoRMS:&#160;<a href=""http://www.marinespecies.org/aphia.php?p=taxdetails&amp;id=206958"">http://www.marinespecies.org/aphia.php?p=taxdetails&amp;id=206958</a></span><span style=""background-color: rgb(255, 255, 0);"">.&#160;</span><span style=""background-color: rgb(255, 255, 0);"">C. Linardich 5Jan2022</span>"
133607,Goniopora minor,ANIMALIA,CNIDARIA,ANTHOZOA,SCLERACTINIA,PORITIDAE,Goniopora,minor,,,,,"Crossland, 1952","<span style=""background-color: rgb(255, 255, 0);"">Attention RLU: This species is now considered a synonym of&#160;</span><span style=""background-color: rgb(255, 255, 0);""><em>Goniopora pedunculata</em></span><span style=""background-color: rgb(255, 255, 0);"">. For reference please see WoRMS:&#160;<a href=""http://www.marinespecies.org/aphia.php?p=taxdetails&amp;id=207217"">http://www.marinespecies.org/aphia.php?p=taxdetails&amp;id=207217</a></span><span style=""background-color: rgb(255, 255, 0);"">.&#160;</span><span style=""background-color: rgb(255, 255, 0);"">C. Linardich 5Jan2022</span>"
133644,Acropora formosa,ANIMALIA,CNIDARIA,ANTHOZOA,SCLERACTINIA,ACROPORIDAE,Acropora,formosa,,,,,"(Dana, 1846)","There remains some confusion regarding the valid name of this nominal species. In a review of the staghorn corals, Wallace (1999) considered <em>Acropora formosa</em> to be a junior synonym of <em>A. muricata</em>. Currently, <em>A. formosa</em> is not valid in WoRMS (Hoeksema and Cairns 2019) or Corals of the World (Veron <em>et al</em>. 2016). <em>Acropora copiosa</em> is also considered a junior synonym of <em>A. muricata</em> (Hoeksema and Cairns 2020)."
64372284,Epizoanthus tergestinus,ANIMALIA,CNIDARIA,ANTHOZOA,ZOANTHARIA,EPIZOANTHIDAE,Epizoanthus,tergestinus,,,,,"Pax, 1937","<p>Many&#160;<em>Epizoanthus</em>&#160;taxa in the Mediterranean are doubtful. Some studies considers&#160;that <em>Epizoanthus tergestinus</em><span class=""apple-converted-space""><em>&#160;</em></span>could be a synonym of&#160;<em>E.&#160;</em><span class=""apple-converted-space""><em>univittatus</em>&#160;(Lorenz, 1860).</span><span lang=""EN-US""></p><p><span class=""apple-converted-space""></span></p><p><br/></p>"
50161085,Epizoanthus frenzeli,ANIMALIA,CNIDARIA,ANTHOZOA,ZOANTHARIA,EPIZOANTHIDAE,Epizoanthus,frenzeli,,,,,"Pax, 1937",<em>Epizoanthus</em>&#160;species records in the Mediterranean are doubtful and might correspond to&#160;<em>Epizoanthus</em>&#160;<em>arenaceus</em>.
50161091,Epizoanthus paguricola,ANIMALIA,CNIDARIA,ANTHOZOA,ZOANTHARIA,EPIZOANTHIDAE,Epizoanthus,paguricola,,,,,"Roule, 1900",
50161093,Epizoanthus paxii,ANIMALIA,CNIDARIA,ANTHOZOA,ZOANTHARIA,EPIZOANTHIDAE,Epizoanthus,paxii,,,,,"Abel, 1955",
50113293,Condylactis aurantiaca,ANIMALIA,CNIDARIA,ANTHOZOA,ACTINIARIA,ACTINIIDAE,Condylactis,aurantiaca,,,,,"(Delle Chiaje, 1825)",
65475413,Epizoanthus univittatus,ANIMALIA,CNIDARIA,ANTHOZOA,ZOANTHARIA,EPIZOANTHIDAE,Epizoanthus,univittatus,,,,,"(Lorenz, 1860)","There is a lack of taxonomic information on the genus <em>Epizoanthus</em>&#160;in the Mediterranean and further taxonomy studies are required, and there is no information to distinguish <em>E. univittatus</em> from the more common species <em>E. </em><em>arenaceus</em>."
65476067,Epizoanthus vagus,ANIMALIA,CNIDARIA,ANTHOZOA,ZOANTHARIA,EPIZOANTHIDAE,Epizoanthus,vagus,,,,,"Herberts, 1972",There is a lack of taxonomic information on the genus <em>Epizoanthus</em> in the Mediterranean and further taxonomic studies are required.
65476258,Arachnanthus oligopodus,ANIMALIA,CNIDARIA,ANTHOZOA,PENICILLARIA,ARACHNACTIDAE,Arachnanthus,oligopodus,,,,,"(Cerfontaine, 1891)",<em>A. oligopodus</em> could be a complex of species and also can be misidentified with <em>A. maderensis.</em>
50161095,Epizoanthus steueri,ANIMALIA,CNIDARIA,ANTHOZOA,ZOANTHARIA,EPIZOANTHIDAE,Epizoanthus,steueri,,,,,"Pax, 1937","Many&#160;<em>Epizoanthus</em>&#160;taxa in the Mediterranean are doubtful. Some studies considers&#160;that&#160;<em>Epizoanthus steueri </em>could be a synonym of&#160;<em>E. vatovai</em> (Pax and Lochter, 1935).<p><br/></p>"
50161089,Epizoanthus mediterraneus,ANIMALIA,CNIDARIA,ANTHOZOA,ZOANTHARIA,EPIZOANTHIDAE,Epizoanthus,mediterraneus,,,,,"Carlgren, 1935",Some&#160;<em>Epizoanthus</em>&#160;species records from the Mediterranean are doubtful and may correspond to&#160;<em>Epizoanthus</em><em>&#160;arenaceus</em>.
50108167,Actinia striata,ANIMALIA,CNIDARIA,ANTHOZOA,ACTINIARIA,ACTINIIDAE,Actinia,striata,,,,,"Risso, 1826","WoRMS (2016) considers <em>Actinia striata </em>Risso, 1826 to be a junior synonym of <em>Paractinia striata</em> (Risso, 1826). However we follow Ocaña <em>et al.</em> (2015) in accepting <em>Actinia striata</em> Risso, 1826&#160;as a valid species.<br/><br/>The species <em>Actinia striata</em> Quoy &amp; Gaimard, 1833 corresponds to a species described from New Zealand (O. Ocaña pers. comm. 2016). However Ottaway (1975) commented that no author subsequent to Quoy &amp; Gaimard has recognised <em>Actinia striata </em>Quoy &amp; Gaimard, 1833, considered it likely that it was probably not an <em>Actinia</em>, and that since <em>Actinia striata&#160;</em>Quoy &amp; Gaimard, 1833, is also a junior primary homonym of <em>Actinia striata</em> Risso, 1826, rejected the name and description of <em>Actinia striata</em> Quoy &amp; Gaimard."
133133,Acropora abrolhosensis,ANIMALIA,CNIDARIA,ANTHOZOA,SCLERACTINIA,ACROPORIDAE,Acropora,abrolhosensis,,,,,"Veron, 1985",
50149061,Ceratotrochus magnaghii,ANIMALIA,CNIDARIA,ANTHOZOA,SCLERACTINIA,CARYOPHYLLIIDAE,Ceratotrochus,magnaghii,,,,,"Cecchini, 1914",
50012660,Spinimuricea klavereni,ANIMALIA,CNIDARIA,ANTHOZOA,ALCYONACEA,PLEXAURIDAE,Spinimuricea,klavereni,,,,,"(Carpine &amp; Grasshoff, 1975)",There was some misidentification of this genus in the past by Koch where it was described as <em>Paramuricea placomus</em>. Currently there is some debate about being the same species as the Atlantic one <em>Spinimuricea atlantica</em>.
133701,Ctenella chagius,ANIMALIA,CNIDARIA,ANTHOZOA,SCLERACTINIA,EUPHYLLIIDAE,Ctenella,chagius,,,,,"Matthai, 1928",
133527,Mussismilia harttii,ANIMALIA,CNIDARIA,ANTHOZOA,SCLERACTINIA,FAVIIDAE,Mussismilia,harttii,,,,,"(Verrill, 1868)","<span style=""background-color: rgb(255, 255, 255);"">This species was previously placed in the family Mussidae but is now placed under Faviidae (Budd</span><em>&#160;et al.</em><span style=""background-color: rgb(255, 255, 255);"">&#160;2012, Budd&#160;</span><em>et al</em><span style=""background-color: rgb(255, 255, 255);"">. 2019).</span>"
133124,Dendrogyra cylindrus,ANIMALIA,CNIDARIA,ANTHOZOA,SCLERACTINIA,MEANDRINIDAE,Dendrogyra,cylindrus,,,,,"(Ehrenberg, 1834)",
132859,Oulastrea crispata,ANIMALIA,CNIDARIA,ANTHOZOA,SCLERACTINIA,OULASTREIDAE,Oulastrea,crispata,,,,,"(Lamarck, 1816)",
132860,Psammocora stellata,ANIMALIA,CNIDARIA,ANTHOZOA,SCLERACTINIA,PSAMMOCORIDAE,Psammocora,stellata,,,,,"(Verrill, 1866)",
132861,Goniopora tantillus,ANIMALIA,CNIDARIA,ANTHOZOA,SCLERACTINIA,PORITIDAE,Goniopora,tantillus,,,,,"(Claereboudt &amp; Al-Amri, 2004)","<span style=""background-color: white;"">This species was previously referred to as&#160;<em style="""">Machadporites tantillus.&#160;</em></span>"
132862,Acropora cophodactyla,ANIMALIA,CNIDARIA,ANTHOZOA,SCLERACTINIA,ACROPORIDAE,Acropora,cophodactyla,,,,,"(Brook, 1892)","According to the WoRMS online database (accessed January 2023), the taxonomic validity of this species is uncertain or disputed by different experts, including Veron <em>et al</em>. (2016). It was suspected to be a synonym of <em>Acropora humilis</em> by Wallace (1999) and it&#160;was not included in the taxonomic revision of&#160;<em>Acropora&#160;</em>species by Wallace&#160;<em>et al.</em>&#160;(2012). Emre&#160;Turak (pers. comm. 2008) examined a photo of the type specimen and does not consider that the name&#160;<em>A. cophodactyla</em>&#160;applies to this species although he considers it distinct from&#160;<em>A. humilis</em>&#160;and it is possibly a new species. It is still considered as valid in Corals of the World despite recognising the dissimilarity between the holotype and the images. It is also considered as valid in Sealife database. Further detailed study is warranted and may indicate that this species should be given a new name."
132864,Cycloseris costulata,ANIMALIA,CNIDARIA,ANTHOZOA,SCLERACTINIA,FUNGIIDAE,Cycloseris,costulata,,,,,"(Ortmann, 1889)","For additional taxonomic information, please refer to Gittenberger and Hoeksema (2006)."
132865,Alveopora japonica,ANIMALIA,CNIDARIA,ANTHOZOA,SCLERACTINIA,ACROPORIDAE,Alveopora,japonica,,,,,"Eguchi, 1965","The complete mitogenome of this species is 17,886 bp with 13 protein-coding, two rRNA, and two tRNA genes, and this supports the transfer of this species to the family Acroporidae (Cho <em>et al</em>. 2018)."
132866,Montipora angulata,ANIMALIA,CNIDARIA,ANTHOZOA,SCLERACTINIA,ACROPORIDAE,Montipora,angulata,,,,,"(Lamarck, 1816)",
132867,Acropora pectinata,ANIMALIA,CNIDARIA,ANTHOZOA,SCLERACTINIA,ACROPORIDAE,Acropora,pectinata,,,,,"Veron, 2000","According to the revision of <em>Acropora </em>species by Wallace&#160;<em>et al</em>. (2012), this species is a synonym of&#160;<em>Acropora acuminata</em>. It is a distinct species according to (Veron <em>et al.</em> 2016) and it is accepted as valid in the WoRMS online database (accessed January 2023). This species should be valid as <em>Acropora pectinatus</em> (L. DeVantier pers. comm. 2024)."
132868,Goniastrea columella,ANIMALIA,CNIDARIA,ANTHOZOA,SCLERACTINIA,MERULINIDAE,Goniastrea,columella,,,,,"Crossland, 1948",
132869,Acropora florida,ANIMALIA,CNIDARIA,ANTHOZOA,SCLERACTINIA,ACROPORIDAE,Acropora,florida,,,,,"(Dana, 1846)",Taxonomic work is currently underway for this species (L. DeVantier pers. comm. 2024).
132870,Moseleya latistellata,ANIMALIA,CNIDARIA,ANTHOZOA,SCLERACTINIA,LOBOPHYLLIIDAE,Moseleya,latistellata,,,,,"Quelch, 1884",
132871,Pectinia elongata,ANIMALIA,CNIDARIA,ANTHOZOA,SCLERACTINIA,MERULINIDAE,Pectinia,elongata,,,,,"(Rehberg, 1892)",
132872,Dipsastraea vietnamensis,ANIMALIA,CNIDARIA,ANTHOZOA,SCLERACTINIA,MERULINIDAE,Dipsastraea,vietnamensis,,,,,"(Veron, 2000)",
132873,Porites densa,ANIMALIA,CNIDARIA,ANTHOZOA,SCLERACTINIA,PORITIDAE,Porites,densa,,,,,"Vaughan, 1918",
132874,Scolymia lacera,ANIMALIA,CNIDARIA,ANTHOZOA,SCLERACTINIA,FAVIIDAE,Scolymia,lacera,,,,,"(M. Edwards &amp; Haime, 1849)","Solitary polyps of <em>Mussa angulosa</em> have been sometimes identified as <em>Scolymia lacera</em> (Veron 2000; see also Fenner 1993).&#160;According to the World Register of Marine Species (WoRMS), this species is valid (database accessed September 2021)."
132875,Pocillopora kelleheri,ANIMALIA,CNIDARIA,ANTHOZOA,SCLERACTINIA,POCILLOPORIDAE,Pocillopora,kelleheri,,,,,"Veron, 2000",
132876,Leptoseris tubulifera,ANIMALIA,CNIDARIA,ANTHOZOA,SCLERACTINIA,AGARICIIDAE,Leptoseris,tubulifera,,,,,"Vaughan, 1907",
132877,Heliofungia fralinae,ANIMALIA,CNIDARIA,ANTHOZOA,SCLERACTINIA,FUNGIIDAE,Heliofungia,fralinae,,,,,"(Nemenzo, 1955)",
132878,Astraeosmilia maxima,ANIMALIA,CNIDARIA,ANTHOZOA,SCLERACTINIA,MERULINIDAE,Astraeosmilia,maxima,,,,,"(Veron Pichon &amp; Wijsman-Best, 1977)",
132879,Goniopora tenella,ANIMALIA,CNIDARIA,ANTHOZOA,SCLERACTINIA,PORITIDAE,Goniopora,tenella,,,,,"(Quelch, 1886)",The taxonomic status of this species is under review according to Veron <em>et al</em>. (2016). It is valid according to the WoRMS online database (accessed June 2023).
132880,Pavona venosa,ANIMALIA,CNIDARIA,ANTHOZOA,SCLERACTINIA,AGARICIIDAE,Pavona,venosa,,,,,"(Ehrenberg, 1834)",
132881,Hydnophora rigida,ANIMALIA,CNIDARIA,ANTHOZOA,SCLERACTINIA,MERULINIDAE,Hydnophora,rigida,,,,,"(Dana, 1846)",
132882,Acropora japonica,ANIMALIA,CNIDARIA,ANTHOZOA,SCLERACTINIA,ACROPORIDAE,Acropora,japonica,,,,,"Veron, 2000",Further study is needed to clarify the differences between this species and high latitude specimens of <em>Acropora digitifera</em> (Veron <em>et al. </em>2016).
132883,Paragoniastrea australensis,ANIMALIA,CNIDARIA,ANTHOZOA,SCLERACTINIA,MERULINIDAE,Paragoniastrea,australensis,,,,,"(Milne Edwards &amp; Haime, 1857)",
132884,Colpophyllia natans,ANIMALIA,CNIDARIA,ANTHOZOA,SCLERACTINIA,FAVIIDAE,Colpophyllia,natans,,,,,"(Houttuyn, 1772)",
132885,Leptoseris hawaiiensis,ANIMALIA,CNIDARIA,ANTHOZOA,SCLERACTINIA,AGARICIIDAE,Leptoseris,hawaiiensis,,,,,"Vaughan, 1907",This species is a complex (Gijsbers <em>et al</em>. 2023).
132886,Acropora seriata,ANIMALIA,CNIDARIA,ANTHOZOA,SCLERACTINIA,ACROPORIDAE,Acropora,seriata,,,,,"(Ehrenberg, 1834)","Wallace (1999) considered this species as 'unresolved' and it was not included in the revision of <em>Acropora </em>by Wallace <em>et al.</em> (2012). It is considered a valid species by Veron (2000), Veron<em> et al</em>. (2016) and the WoRMS online database (accessed January 2023)."
132887,Leptoseris explanata,ANIMALIA,CNIDARIA,ANTHOZOA,SCLERACTINIA,AGARICIIDAE,Leptoseris,explanata,,,,,"Yabe &amp; Sugiyama, 1941",
132888,Acropora secale,ANIMALIA,CNIDARIA,ANTHOZOA,SCLERACTINIA,ACROPORIDAE,Acropora,secale,,,,,"(Studer, 1878)",
132889,Porites nodifera,ANIMALIA,CNIDARIA,ANTHOZOA,SCLERACTINIA,PORITIDAE,Porites,nodifera,,,,,"Klunzinger, 1879",
132890,Catalaphyllia jardinei,ANIMALIA,CNIDARIA,ANTHOZOA,SCLERACTINIA,MERULINIDAE,Catalaphyllia,jardinei,,,,,"(Saville-Kent, 1893)",
132891,Porites duerdeni,ANIMALIA,CNIDARIA,ANTHOZOA,SCLERACTINIA,PORITIDAE,Porites,duerdeni,,,,,"Vaughan, 1907","According to the WoRMS database (accessed 5 January 2022), the taxonomic validity of this species is uncertain or disputed by different experts."
132892,Montipora hodgsoni,ANIMALIA,CNIDARIA,ANTHOZOA,SCLERACTINIA,ACROPORIDAE,Montipora,hodgsoni,,,,,"Veron, 2000",
132893,Platygyra crosslandi,ANIMALIA,CNIDARIA,ANTHOZOA,SCLERACTINIA,MERULINIDAE,Platygyra,crosslandi,,,,,"(Matthai, 1928)",
132894,Dipsastraea veroni,ANIMALIA,CNIDARIA,ANTHOZOA,SCLERACTINIA,MERULINIDAE,Dipsastraea,veroni,,,,,"(Moll &amp; Borel-Best, 1984)",
132895,Hydnophora pilosa,ANIMALIA,CNIDARIA,ANTHOZOA,SCLERACTINIA,MERULINIDAE,Hydnophora,pilosa,,,,,"Veron, 1985",
132896,Alveopora marionensis,ANIMALIA,CNIDARIA,ANTHOZOA,SCLERACTINIA,ACROPORIDAE,Alveopora,marionensis,,,,,"Veron &amp; Pichon, 1982",
132897,Porites eridani,ANIMALIA,CNIDARIA,ANTHOZOA,SCLERACTINIA,PORITIDAE,Porites,eridani,,,,,"Umbgrove, 1940",
132898,Goniopora cellulosa,ANIMALIA,CNIDARIA,ANTHOZOA,SCLERACTINIA,PORITIDAE,Goniopora,cellulosa,,,,,"Veron, 1990",
132899,Dipsastraea rosaria,ANIMALIA,CNIDARIA,ANTHOZOA,SCLERACTINIA,MERULINIDAE,Dipsastraea,rosaria,,,,,"(Veron, 2000)",
132900,Lobophyllia radians,ANIMALIA,CNIDARIA,ANTHOZOA,SCLERACTINIA,LOBOPHYLLIIDAE,Lobophyllia,radians,,,,,"Milne Edwards &amp; Haime, 1849",
132901,Leptoseris amitoriensis,ANIMALIA,CNIDARIA,ANTHOZOA,SCLERACTINIA,AGARICIIDAE,Leptoseris,amitoriensis,,,,,"Veron, 1990",
132902,Fungia puishani,ANIMALIA,CNIDARIA,ANTHOZOA,SCLERACTINIA,FUNGIIDAE,Fungia,puishani,,,,,"Veron &amp; DeVantier, 2000","This species is possibly a synonym of <em>Fungia fungites</em> (B. Hoeksema pers. comm. 2008, WoRMS online database accessed December 2022). The description is very poor and does not exclude similarity with <em>F. fungites</em>.&#160;Lyndon DeVantier considers <em>Fungia puishani</em> a valid species based on specimens observed and the specimen collected by him. According to Veron <em>et al.</em> (2016), this species is valid, and if a synonym, is closest to <em>F. scabra</em>. According to the WoRMS online database (accessed December 2022), this species is valid."
132903,Leptoseris solida,ANIMALIA,CNIDARIA,ANTHOZOA,SCLERACTINIA,AGARICIIDAE,Leptoseris,solida,,,,,"(Quelch, 1886)",
132904,Pavona minuta,ANIMALIA,CNIDARIA,ANTHOZOA,SCLERACTINIA,AGARICIIDAE,Pavona,minuta,,,,,"Wells, 1954",
132905,Alveopora catalai,ANIMALIA,CNIDARIA,ANTHOZOA,SCLERACTINIA,ACROPORIDAE,Alveopora,catalai,,,,,"Wells, 1968",
132907,Echinomorpha nishihirai,ANIMALIA,CNIDARIA,ANTHOZOA,SCLERACTINIA,LOBOPHYLLIIDAE,Echinomorpha,nishihirai,,,,,"(Veron, 1990)",
132909,Acropora turaki,ANIMALIA,CNIDARIA,ANTHOZOA,SCLERACTINIA,ACROPORIDAE,Acropora,turaki,,,,,"Wallace, 1994",
132910,Acropora divaricata,ANIMALIA,CNIDARIA,ANTHOZOA,SCLERACTINIA,ACROPORIDAE,Acropora,divaricata,,,,,"(Dana, 1846)",This species is part of a species complex.
132911,Pavona maldivensis,ANIMALIA,CNIDARIA,ANTHOZOA,SCLERACTINIA,AGARICIIDAE,Pavona,maldivensis,,,,,"(Gardiner, 1905)",
132912,Enigmopora darveliensis,ANIMALIA,CNIDARIA,ANTHOZOA,SCLERACTINIA,ACROPORIDAE,Enigmopora,darveliensis,,,,,"Ditlev, 2003","This species was previously unresolved (Veron <em>et al</em>. 2016), but is now considered a valid species (Ditlev 2003, N. Santodomingo pers. comm. 2022, WoRMS online database accessed January 2023). It may be a hybrid (L. DeVantier pers. comm. 2024)."
132913,Acropora rudis,ANIMALIA,CNIDARIA,ANTHOZOA,SCLERACTINIA,ACROPORIDAE,Acropora,rudis,,,,,"(Rehberg, 1892)",
132915,Siderastrea stellata,ANIMALIA,CNIDARIA,ANTHOZOA,SCLERACTINIA,RHIZANGIIDAE,Siderastrea,stellata,,,,,Verrill 1868,
132916,Turbinaria irregularis,ANIMALIA,CNIDARIA,ANTHOZOA,SCLERACTINIA,DENDROPHYLLIIDAE,Turbinaria,irregularis,,,,,"Bernard, 1896",
132917,Gardineroseris planulata,ANIMALIA,CNIDARIA,ANTHOZOA,SCLERACTINIA,AGARICIIDAE,Gardineroseris,planulata,,,,,"(Dana, 1846)",
132918,Pectinia pygmaea,ANIMALIA,CNIDARIA,ANTHOZOA,SCLERACTINIA,MERULINIDAE,Pectinia,pygmaea,,,,,"Veron, 2000",
132919,Acropora stoddarti,ANIMALIA,CNIDARIA,ANTHOZOA,SCLERACTINIA,ACROPORIDAE,Acropora,stoddarti,,,,,"Pillai &amp; Scheer, 1976","This species is valid but further study is needed to clarify the separation from <em>Acropora divaricata</em>, which it closely resembles, and re-examine material that has likely been misidentified&#160;(Wallace<em> et al.</em> 2012)."
132920,Echinopora ashmorensis,ANIMALIA,CNIDARIA,ANTHOZOA,SCLERACTINIA,MERULINIDAE,Echinopora,ashmorensis,,,,,"Veron, 1990",
132921,Porites branneri,ANIMALIA,CNIDARIA,ANTHOZOA,SCLERACTINIA,PORITIDAE,Porites,branneri,,,,,"Rathbun, 1887","Although this species is commonly considered to occur in the Caribbean (southern Caribbean to Jamaica and the Cayman Islands), it is likely that the form in the Caribbean is a different taxon (Weil 1992). For the purposes of this Red List assessment, and until further taxonomic study is conducted, it is considered valid in these areas of the Caribbean."
132922,Astrea curta,ANIMALIA,CNIDARIA,ANTHOZOA,SCLERACTINIA,MERULINIDAE,Astrea,curta,,,,,"Dana, 1846",
132923,Pocillopora woodjonesi,ANIMALIA,CNIDARIA,ANTHOZOA,SCLERACTINIA,POCILLOPORIDAE,Pocillopora,woodjonesi,,,,,"Vaughan, 1918",
132924,Pachyseris gemmae,ANIMALIA,CNIDARIA,ANTHOZOA,SCLERACTINIA,NOT ASSIGNED,Pachyseris,gemmae,,,,,"Nemenzo, 1955","This species is difficult to reliably identify from collections, and is best separated from <em>Pachyseris rugosa</em>&#160;where these species occur (Veron <em>et al</em>. 2016). The <em>Pachyseris </em>genus appears to be closely related to Euphylliidae, but family placement remains uncertain (Terraneo <em>et al</em>. 2014, WoRMS online database accessed July 2022)."
132925,Sinuorota hexagonalis,ANIMALIA,CNIDARIA,ANTHOZOA,SCLERACTINIA,FUNGIIDAE,Sinuorota,hexagonalis,,,,,"(Edwards &amp; Haine, 1848)",
132926,Madracis asanoi,ANIMALIA,CNIDARIA,ANTHOZOA,SCLERACTINIA,POCILLOPORIDAE,Madracis,asanoi,,,,,"Yabe &amp; Sugiyama, 1936",
132927,Leptoseris striata,ANIMALIA,CNIDARIA,ANTHOZOA,SCLERACTINIA,AGARICIIDAE,Leptoseris,striata,,,,,"Fenner &amp; Veron, 2000",
132928,Pectinia lactuca,ANIMALIA,CNIDARIA,ANTHOZOA,SCLERACTINIA,MERULINIDAE,Pectinia,lactuca,,,,,"(Pallas, 1766)",
132929,Acanthastrea subechinata,ANIMALIA,CNIDARIA,ANTHOZOA,SCLERACTINIA,LOBOPHYLLIIDAE,Acanthastrea,subechinata,,,,,"Veron, 2000",
132930,Montipora gaimardi,ANIMALIA,CNIDARIA,ANTHOZOA,SCLERACTINIA,ACROPORIDAE,Montipora,gaimardi,,,,,"Bernard, 1897",
132931,Acropora willisae,ANIMALIA,CNIDARIA,ANTHOZOA,SCLERACTINIA,ACROPORIDAE,Acropora,willisae,,,,,"Veron &amp; Wallace, 1984",
132932,Montipora orientalis,ANIMALIA,CNIDARIA,ANTHOZOA,SCLERACTINIA,ACROPORIDAE,Montipora,orientalis,,,,,"Nemenzo, 1967",
132933,Acropora carduus,ANIMALIA,CNIDARIA,ANTHOZOA,SCLERACTINIA,ACROPORIDAE,Acropora,carduus,,,,,"(Dana, 1846)",
132934,Acropora tanegashimensis,ANIMALIA,CNIDARIA,ANTHOZOA,SCLERACTINIA,ACROPORIDAE,Acropora,tanegashimensis,,,,,"Veron, 1990","C. Wallace (pers. comm. 2008) previously considered this a junior synonym of <em>Acropora hyacinthus,</em> however, it is now treated as an accepted species according to Wallace <em>et al</em>. (2012) and the World Register of Marine Species online database (accessed June 2022)."
132935,Acropora plumosa,ANIMALIA,CNIDARIA,ANTHOZOA,SCLERACTINIA,ACROPORIDAE,Acropora,plumosa,,,,,"Wallace &amp; Wolstenholme, 1998",
132936,Dipsastraea pallida,ANIMALIA,CNIDARIA,ANTHOZOA,SCLERACTINIA,MERULINIDAE,Dipsastraea,pallida,,,,,"(Dana, 1846)",
132937,Acropora spathulata,ANIMALIA,CNIDARIA,ANTHOZOA,SCLERACTINIA,ACROPORIDAE,Acropora,spathulata,,,,,"(Brook, 1891)","This species may be confused with <em>Acropora millepora</em>; it was called <em>A. millepora</em> by Wallace (1978), Veron and Wallace (1984) and Veron (2000) and corrected by Wallace (1999). According to the WoRMS online database (accessed January 2022), this is a valid species."
132938,Porites evermanni,ANIMALIA,CNIDARIA,ANTHOZOA,SCLERACTINIA,PORITIDAE,Porites,evermanni,,,,,"Vaughan, 1907",
132939,Heterocyathus sulcatus,ANIMALIA,CNIDARIA,ANTHOZOA,SCLERACTINIA,CARYOPHYLLIIDAE,Heterocyathus,sulcatus,,,,,"(Verrill, 1866)","This species is not in the Corals of The World Database (Veron <em>et al</em>. 2016); however, it is a valid species on WoRMS (assessed February 2023)."
132940,Acropora acuminata,ANIMALIA,CNIDARIA,ANTHOZOA,SCLERACTINIA,ACROPORIDAE,Acropora,acuminata,,,,,(Verrill 1864),<em>Acropora diffusa</em> is now a synonym of this species (WoRMS online database accessed August 2023).
132941,Cynarina macassarensis,ANIMALIA,CNIDARIA,ANTHOZOA,SCLERACTINIA,LOBOPHYLLIIDAE,Cynarina,macassarensis,,,,,"(Best &amp; Hoeksema, 1987)",
132942,Montipora patula,ANIMALIA,CNIDARIA,ANTHOZOA,SCLERACTINIA,ACROPORIDAE,Montipora,patula,,,,,"Verrill, 1869",A genetics study by Forsman <em>et al.</em> (2010) concluded that this species is indistinguishable from <em>Montipora verrilli</em>. Veron <em>et al. </em>(2016) maintain the two species are distinct but that further study is warranted. It is an accepted species in the WoRMS online database (accessed January 2023).
132943,Stylophora madagascarensis,ANIMALIA,CNIDARIA,ANTHOZOA,SCLERACTINIA,POCILLOPORIDAE,Stylophora,madagascarensis,,,,,"Veron, 2000",
132944,Montipora nodosa,ANIMALIA,CNIDARIA,ANTHOZOA,SCLERACTINIA,ACROPORIDAE,Montipora,nodosa,,,,,"(Dana, 1846)",
132945,Porites colonensis,ANIMALIA,CNIDARIA,ANTHOZOA,SCLERACTINIA,PORITIDAE,Porites,colonensis,,,,,"Zlatarski, 1990",
132947,Echinophyllia echinoporoides,ANIMALIA,CNIDARIA,ANTHOZOA,SCLERACTINIA,LOBOPHYLLIIDAE,Echinophyllia,echinoporoides,,,,,"Veron &amp; Pichon, 1980",
132948,Acropora granulosa,ANIMALIA,CNIDARIA,ANTHOZOA,SCLERACTINIA,ACROPORIDAE,Acropora,granulosa,,,,,"(Milne Edwards, 1860)",
132949,Goniopora pendulus,ANIMALIA,CNIDARIA,ANTHOZOA,SCLERACTINIA,PORITIDAE,Goniopora,pendulus,,,,,"Veron, 1985","For additional taxonomic information on this species, please refer to Kitano <em>et al.</em> (2013)."
132951,Acropora rufa,ANIMALIA,CNIDARIA,ANTHOZOA,SCLERACTINIA,ACROPORIDAE,Acropora,rufa,,,,,"Veron, 2000",This species was placed in synonymy with <em>Acropora variolosa</em> by Wallace <em>et al</em>. (2012). It is valid according to Veron <em>et al.</em> (2016) and is an accepted species in the World Register of Marine Species (online database accessed January 2023).
132953,Merulina scheeri,ANIMALIA,CNIDARIA,ANTHOZOA,SCLERACTINIA,MERULINIDAE,Merulina,scheeri,,,,,"Head, 1983","There are substantial differences between this species with other <em>Merulina </em>species, which makes the generic designation doubtful (Veron <em>et al</em>. 2016)."
132954,Cycloseris cyclolites,ANIMALIA,CNIDARIA,ANTHOZOA,SCLERACTINIA,FUNGIIDAE,Cycloseris,cyclolites,,,,,"(Lamarck, 1815)",This species is now in the genus&#160;<em>Cycloseris&#160;</em>(Hoeksema and Cairns 2019).
132955,Goniopora pearsoni,ANIMALIA,CNIDARIA,ANTHOZOA,SCLERACTINIA,PORITIDAE,Goniopora,pearsoni,,,,,"Veron, 2000",
132956,Pectinia alcicornis,ANIMALIA,CNIDARIA,ANTHOZOA,SCLERACTINIA,MERULINIDAE,Pectinia,alcicornis,,,,,"(Saville-Kent, 1871)",
132957,Turbinaria bifrons,ANIMALIA,CNIDARIA,ANTHOZOA,SCLERACTINIA,DENDROPHYLLIIDAE,Turbinaria,bifrons,,,,,"Brüggemann, 1877",
132958,Pocillopora capitata,ANIMALIA,CNIDARIA,ANTHOZOA,SCLERACTINIA,POCILLOPORIDAE,Pocillopora,capitata,,,,,"Verrill, 1864",
132959,Porites desilveri,ANIMALIA,CNIDARIA,ANTHOZOA,SCLERACTINIA,PORITIDAE,Porites,desilveri,,,,,"Veron, 2000",
132960,Hydnophora grandis,ANIMALIA,CNIDARIA,ANTHOZOA,SCLERACTINIA,MERULINIDAE,Hydnophora,grandis,,,,,"Gardiner, 1904","According to Veron <em>et al. </em>(2016), this species is a synonym of <em>Hydnophora exesa</em>. It is accepted in the WoRMS online database (accessed February 2023)."
132961,Oculina tenella,ANIMALIA,CNIDARIA,ANTHOZOA,SCLERACTINIA,OCULINIDAE,Oculina,tenella,,,,,"(De Pourtales, 1871)","<span style=""background-color: white;""><br/></span>"
132962,Lobophyllia erythraea,ANIMALIA,CNIDARIA,ANTHOZOA,SCLERACTINIA,LOBOPHYLLIIDAE,Lobophyllia,erythraea,,,,,"(Klunzinger, 1879)",
132963,Manicina areolata,ANIMALIA,CNIDARIA,ANTHOZOA,SCLERACTINIA,FAVIIDAE,Manicina,areolata,,,,,"(Linnaeus, 1758)",
132964,Pleuractis taiwanensis,ANIMALIA,CNIDARIA,ANTHOZOA,SCLERACTINIA,FUNGIIDAE,Pleuractis,taiwanensis,,,,,"(Hoeksema &amp; Dai, 1991)",
132965,Boninastrea boninensis,ANIMALIA,CNIDARIA,ANTHOZOA,SCLERACTINIA,MERULINIDAE,Boninastrea,boninensis,,,,,"Yabe &amp; Sugiyama, 1935",This is the type species of the genus.
132967,Fimbriaphyllia yaeyamaensis,ANIMALIA,CNIDARIA,ANTHOZOA,SCLERACTINIA,EUPHYLLIIDAE,Fimbriaphyllia,yaeyamaensis,,,,,"(Shirai, 1980)",
132968,Halomitra clavator,ANIMALIA,CNIDARIA,ANTHOZOA,SCLERACTINIA,FUNGIIDAE,Halomitra,clavator,,,,,"Hoeksema, 1989",
132969,Acropora listeri,ANIMALIA,CNIDARIA,ANTHOZOA,SCLERACTINIA,ACROPORIDAE,Acropora,listeri,,,,,"(Brook, 1893)",
132970,Agaricia lamarcki,ANIMALIA,CNIDARIA,ANTHOZOA,SCLERACTINIA,AGARICIIDAE,Agaricia,lamarcki,,,,,"Milne Edwards &amp; Haime, 1851",
132971,Acropora tumida,ANIMALIA,CNIDARIA,ANTHOZOA,SCLERACTINIA,ACROPORIDAE,Acropora,tumida,,,,,"(Verrill, 1866)","The taxonomic status of this species was uncertain according to Wallace (1999) who considered it unresolved and probably a synonym of <em>Acropora valida.</em>&#160;Since then, Wallace <em>et al</em>. (2012) reviewed specimens from Hong Kong and Japan and now join Veron (2000) and Veron <em>et al</em>. (2016) in considering it as valid. It is an accepted species in the World Register of Marine Species online database (accessed June 2022)."
132972,Acropora paniculata,ANIMALIA,CNIDARIA,ANTHOZOA,SCLERACTINIA,ACROPORIDAE,Acropora,paniculata,,,,,"Verrill, 1902",
132973,Anacropora matthaii,ANIMALIA,CNIDARIA,ANTHOZOA,SCLERACTINIA,ACROPORIDAE,Anacropora,matthaii,,,,,"Pillai, 1973",
132974,Plerogyra discus,ANIMALIA,CNIDARIA,ANTHOZOA,SCLERACTINIA,PLEROGYRIDAE,Plerogyra,discus,,,,,"Veron &amp; Fenner, 2000","There are some uncertainties regarding the status of some Euphylliidae. Recognising <em>Plerogyra discus</em> from <em>Nemenzophyllia turbida</em> is noted as particularly difficult (Waheed and Hoeksema 2013), as both species have identical polyps and can only be distinguished by examining skeletal characters."
132976,Acropora loripes,ANIMALIA,CNIDARIA,ANTHOZOA,SCLERACTINIA,ACROPORIDAE,Acropora,loripes,,,,,"(Brook, 1892)",<em>Acropora lianae</em>&#160;and <em>Acropora rosaria</em> are&#160;now synonyms of this species&#160;(WoRMS accessed January 2022).
132977,Montipora stilosa,ANIMALIA,CNIDARIA,ANTHOZOA,SCLERACTINIA,ACROPORIDAE,Montipora,stilosa,,,,,"(Ehrenberg, 1834)",
132978,Favites magnistellata,ANIMALIA,CNIDARIA,ANTHOZOA,SCLERACTINIA,MERULINIDAE,Favites,magnistellata,,,,,"(Milne Edwards &amp; Haime, 1849)",
132979,Favites complanata,ANIMALIA,CNIDARIA,ANTHOZOA,SCLERACTINIA,MERULINIDAE,Favites,complanata,,,,,"(Ehrenberg, 1834)",
132980,Leptoria phrygia,ANIMALIA,CNIDARIA,ANTHOZOA,SCLERACTINIA,MERULINIDAE,Leptoria,phrygia,,,,,"(Ellis &amp; Solander, 1786)",
132981,Acropora hemprichii,ANIMALIA,CNIDARIA,ANTHOZOA,SCLERACTINIA,ACROPORIDAE,Acropora,hemprichii,,,,,"(Ehrenberg, 1834)",
132982,Montigyra kenti,ANIMALIA,CNIDARIA,ANTHOZOA,SCLERACTINIA,EUPHYLLIIDAE,Montigyra,kenti,,,,,"Matthai, 1928",
132983,Leptastrea bottae,ANIMALIA,CNIDARIA,ANTHOZOA,SCLERACTINIA,LEPTASTREIDAE,Leptastrea,bottae,,,,,"(Milne Edwards &amp; Haime, 1849)",
132984,Acropora derawanensis,ANIMALIA,CNIDARIA,ANTHOZOA,SCLERACTINIA,ACROPORIDAE,Acropora,derawanensis,,,,,"Wallace, 1997",
132985,Turbinaria radicalis,ANIMALIA,CNIDARIA,ANTHOZOA,SCLERACTINIA,DENDROPHYLLIIDAE,Turbinaria,radicalis,,,,,"Bernard, 1896",
132986,Lithophyllon repanda,ANIMALIA,CNIDARIA,ANTHOZOA,SCLERACTINIA,FUNGIIDAE,Lithophyllon,repanda,,,,,"(Dana, 1846)",
132987,Echinopora gemmacea,ANIMALIA,CNIDARIA,ANTHOZOA,SCLERACTINIA,MERULINIDAE,Echinopora,gemmacea,,,,,"(Lamarck, 1816)",
132988,Acropora longicyathus,ANIMALIA,CNIDARIA,ANTHOZOA,SCLERACTINIA,ACROPORIDAE,Acropora,longicyathus,,,,,"(Milne Edwards, 1860)",<em>Acropora navini</em> is now a synonym of this species (WoRMS online database accessed January 2022).
132990,Acropora multiacuta,ANIMALIA,CNIDARIA,ANTHOZOA,SCLERACTINIA,ACROPORIDAE,Acropora,multiacuta,,,,,"Nemenzo, 1967",
132991,Coscinaraea crassa,ANIMALIA,CNIDARIA,ANTHOZOA,SCLERACTINIA,COSCINARAEIDAE,Coscinaraea,crassa,,,,,"Veron &amp; Pichon, 1980",
254273303,Acropora humilis,ANIMALIA,CNIDARIA,ANTHOZOA,SCLERACTINIA,ACROPORIDAE,Acropora,humilis,,,,,"(Dana, 1846)",<em>Acropora ocellata</em>&#160;is now a synonym of this species&#160;(WoRMS accessed January 2022).
132993,Zoopilus echinatus,ANIMALIA,CNIDARIA,ANTHOZOA,SCLERACTINIA,FUNGIIDAE,Zoopilus,echinatus,,,,,"Dana, 1846",
132994,Favites vasta,ANIMALIA,CNIDARIA,ANTHOZOA,SCLERACTINIA,MERULINIDAE,Favites,vasta,,,,,"(Klunzinger, 1879)",
132995,Goniopora planulata,ANIMALIA,CNIDARIA,ANTHOZOA,SCLERACTINIA,PORITIDAE,Goniopora,planulata,,,,,"(Ehrenberg, 1834)",
132996,Pleuractis seychellensis,ANIMALIA,CNIDARIA,ANTHOZOA,SCLERACTINIA,FUNGIIDAE,Pleuractis,seychellensis,,,,,"(Hoeksema, 1993)","For additional taxonomic information, please refer to Hoeksema and Best (1994) and Gittenberger <em>et al.</em> (2011)."
132997,Favites valenciennesii,ANIMALIA,CNIDARIA,ANTHOZOA,SCLERACTINIA,MERULINIDAE,Favites,valenciennesii,,,,,"(Milne Edwards &amp; Haime, 1849)",
254415904,Acropora samoensis,ANIMALIA,CNIDARIA,ANTHOZOA,SCLERACTINIA,ACROPORIDAE,Acropora,samoensis,,,,,"(Brook, 1891)","<em>Acropora torresiana</em>&#160;and&#160;<em>Acropora wallaceae</em>&#160;are&#160;now synonyms of this species&#160;(Wallace<em>&#160;et al.</em>&#160;2012, WoRMS accessed January 2022). This is a well-defined species in the field but not in collections as it has been confused with other species and taxonomic research is needed (Veron&#160;<em>et al</em>. 2016)."
133001,Goniopora pandoraensis,ANIMALIA,CNIDARIA,ANTHOZOA,SCLERACTINIA,PORITIDAE,Goniopora,pandoraensis,,,,,"Veron &amp; Pichon, 1982",
133002,Seriatopora stellata,ANIMALIA,CNIDARIA,ANTHOZOA,SCLERACTINIA,POCILLOPORIDAE,Seriatopora,stellata,,,,,"Quelch, 1886",
133003,Leptastrea bewickensis,ANIMALIA,CNIDARIA,ANTHOZOA,SCLERACTINIA,LEPTASTREIDAE,Leptastrea,bewickensis,,,,,"Veron, Pichon &amp; Best, 1977",
133004,Simplastrea vesicularis,ANIMALIA,CNIDARIA,ANTHOZOA,SCLERACTINIA,EUPHYLLIIDAE,Simplastrea,vesicularis,,,,,"Umbgrove, 1939","This is the type species of <em>Simplastrea</em>. It is a distinct, taxonomically isolated species with no clear affinities (Veron <em>et al</em>. 2016)."
133005,Anacropora spumosa,ANIMALIA,CNIDARIA,ANTHOZOA,SCLERACTINIA,ACROPORIDAE,Anacropora,spumosa,,,,,"Veron Turak &amp; DeVantier, 2000",
133006,Acropora palmata,ANIMALIA,CNIDARIA,ANTHOZOA,SCLERACTINIA,ACROPORIDAE,Acropora,palmata,,,,,"(Lamarck, 1816)",
133007,Montipora malampaya,ANIMALIA,CNIDARIA,ANTHOZOA,SCLERACTINIA,ACROPORIDAE,Montipora,malampaya,,,,,"Nemenzo, 1967",
133008,Lithophyllon spinifer,ANIMALIA,CNIDARIA,ANTHOZOA,SCLERACTINIA,FUNGIIDAE,Lithophyllon,spinifer,,,,,"(Claereboudt &amp; Hoeksema, 1987)",
133009,Dipsastraea albida,ANIMALIA,CNIDARIA,ANTHOZOA,SCLERACTINIA,MERULINIDAE,Dipsastraea,albida,,,,,"(Veron, 2000)",
133010,Acropora elseyi,ANIMALIA,CNIDARIA,ANTHOZOA,SCLERACTINIA,ACROPORIDAE,Acropora,elseyi,,,,,"(Brook, 1892)",
133011,Pocillopora ankeli,ANIMALIA,CNIDARIA,ANTHOZOA,SCLERACTINIA,POCILLOPORIDAE,Pocillopora,ankeli,,,,,"Scheer &amp; Pillai, 1974",This is a poorly known species (Veron <em>et al</em>. 2016).
133012,Orbicella franksi,ANIMALIA,CNIDARIA,ANTHOZOA,SCLERACTINIA,MERULINIDAE,Orbicella,franksi,,,,,"(Gregory, 1895)","<em>Orbicella franksi</em> was identified as <em>Montastraea annularis</em> until 1994, when ecological, morphological, and molecular studies provided evidence that it was part of a species complex composed of three species: <em>M. annularis</em>, <em>M. faveolata</em> and <em>M. franksi</em> (Weil and Knowlton 1994). Consequently, most studies prior to 1994 do not distinguish between the three species, and information on population is difficult to disaggregate for the three taxa. Later, Budd <em>et al</em>. (2012) separated modern species of the genus <em>Montastraea</em> into three genera: <em>Montastraea</em> de Blainville, 1830 (Atlantic <em>Montastraea cavernosa</em>), Orbicella Dana, 1846 (Atlantic <em>Orbicella annularis</em> complex), and <em>Phymastrea</em> Milne Edwards and Haime, 1848 (Indo-Pacific)."
133013,Acropora grandis,ANIMALIA,CNIDARIA,ANTHOZOA,SCLERACTINIA,ACROPORIDAE,Acropora,grandis,,,,,"(Brook, 1892)",
133014,Goniopora polyformis,ANIMALIA,CNIDARIA,ANTHOZOA,SCLERACTINIA,PORITIDAE,Goniopora,polyformis,,,,,"(Zou, 1980)",
133015,Montipora millepora,ANIMALIA,CNIDARIA,ANTHOZOA,SCLERACTINIA,ACROPORIDAE,Montipora,millepora,,,,,"Crossland, 1952",
133016,Porites vaughani,ANIMALIA,CNIDARIA,ANTHOZOA,SCLERACTINIA,PORITIDAE,Porites,vaughani,,,,,"Crossland, 1952",
133019,Galaxea cryptoramosa,ANIMALIA,CNIDARIA,ANTHOZOA,SCLERACTINIA,EUPHYLLIIDAE,Galaxea,cryptoramosa,,,,,"Fenner &amp; Veron, 2000",
254262414,Acropora tenuis,ANIMALIA,CNIDARIA,ANTHOZOA,SCLERACTINIA,ACROPORIDAE,Acropora,tenuis,,,,,"(Dana, 1846)","<em>Acropora tenuis</em> was revised according to Bridge <em>et al</em>. (2023), and now excludes the following taxa, which are now split out as separate species: <em>A. africana</em>, <em>A. akajimensis</em>, <em>A. bifaria</em>, <em>A. kenti</em>, <em>A. macrostoma</em>, <em>A. rongoi</em> and <em>A. tenuissima</em>."
213491657,Acropora microphthalma,ANIMALIA,CNIDARIA,ANTHOZOA,SCLERACTINIA,ACROPORIDAE,Acropora,microphthalma,,,,,"(Verrill, 1869)",<em>Acropora inermis</em> is now a synonym of this species&#160;(WoRMS accessed January 2022).
133022,Montipora niugini,ANIMALIA,CNIDARIA,ANTHOZOA,SCLERACTINIA,ACROPORIDAE,Montipora,niugini,,,,,"Veron, 2000",
133023,Porites lichen,ANIMALIA,CNIDARIA,ANTHOZOA,SCLERACTINIA,PORITIDAE,Porites,lichen,,,,,"(Dana, 1846)",
133024,Merulina scabricula,ANIMALIA,CNIDARIA,ANTHOZOA,SCLERACTINIA,MERULINIDAE,Merulina,scabricula,,,,,"Dana, 1846",
133025,Acropora vaughani,ANIMALIA,CNIDARIA,ANTHOZOA,SCLERACTINIA,ACROPORIDAE,Acropora,vaughani,,,,,"Wells, 1954",
133026,Mycedium mancaoi,ANIMALIA,CNIDARIA,ANTHOZOA,SCLERACTINIA,MERULINIDAE,Mycedium,mancaoi,,,,,"Nemenzo, 1979","<span style=""background-color: white;"">For additional taxonomic information, please see Huang <em>et al.</em> (2014).</span>"
133027,Siderastrea radians,ANIMALIA,CNIDARIA,ANTHOZOA,SCLERACTINIA,RHIZANGIIDAE,Siderastrea,radians,,,,,(Pallas 1766),
133028,Seriatopora caliendrum,ANIMALIA,CNIDARIA,ANTHOZOA,SCLERACTINIA,POCILLOPORIDAE,Seriatopora,caliendrum,,,,,"Ehrenberg, 1834",
133029,Dipsastraea rotumana,ANIMALIA,CNIDARIA,ANTHOZOA,SCLERACTINIA,MERULINIDAE,Dipsastraea,rotumana,,,,,"(Gardiner, 1899)",
133031,Montipora effusa,ANIMALIA,CNIDARIA,ANTHOZOA,SCLERACTINIA,ACROPORIDAE,Montipora,effusa,,,,,"(Dana, 1846)",
133032,Lobophyllia flabelliformis,ANIMALIA,CNIDARIA,ANTHOZOA,SCLERACTINIA,LOBOPHYLLIIDAE,Lobophyllia,flabelliformis,,,,,"Veron, 2000",
133033,Acropora pulchra,ANIMALIA,CNIDARIA,ANTHOZOA,SCLERACTINIA,ACROPORIDAE,Acropora,pulchra,,,,,"(Brook, 1891)",
133034,Cycloseris fragilis,ANIMALIA,CNIDARIA,ANTHOZOA,SCLERACTINIA,FUNGIIDAE,Cycloseris,fragilis,,,,,"(Alcock, 1893)","This species can easily be confused with other fragmenting fungiids, such as <em>Fungia somervillei</em>."
133036,Cycloseris curvata,ANIMALIA,CNIDARIA,ANTHOZOA,SCLERACTINIA,FUNGIIDAE,Cycloseris,curvata,,,,,"(Hoeksema, 1989)",
133037,Mycetophyllia reesi,ANIMALIA,CNIDARIA,ANTHOZOA,SCLERACTINIA,FAVIIDAE,Mycetophyllia,reesi,,,,,"Wells, 1973",
133038,Porites nigrescens,ANIMALIA,CNIDARIA,ANTHOZOA,SCLERACTINIA,PORITIDAE,Porites,nigrescens,,,,,"Dana, 1846",
133039,Turbinaria conspicua,ANIMALIA,CNIDARIA,ANTHOZOA,SCLERACTINIA,DENDROPHYLLIIDAE,Turbinaria,conspicua,,,,,"Bernard, 1896",
133040,Echinopora mammiformis,ANIMALIA,CNIDARIA,ANTHOZOA,SCLERACTINIA,MERULINIDAE,Echinopora,mammiformis,,,,,"(Nemenzo, 1959)",
133041,Pavona decussata,ANIMALIA,CNIDARIA,ANTHOZOA,SCLERACTINIA,AGARICIIDAE,Pavona,decussata,,,,,"(Dana, 1846)",
133043,Psammocora digitata,ANIMALIA,CNIDARIA,ANTHOZOA,SCLERACTINIA,PSAMMOCORIDAE,Psammocora,digitata,,,,,Milne Edwards &amp; Haime 1851,
133044,Cantharellus jebbi,ANIMALIA,CNIDARIA,ANTHOZOA,SCLERACTINIA,FUNGIIDAE,Cantharellus,jebbi,,,,,"Hoeksema, 1993","For additional taxonomic information, please refer to Gittenberger <em>et al</em>. (2011)."
133045,Pocillopora ligulata,ANIMALIA,CNIDARIA,ANTHOZOA,SCLERACTINIA,POCILLOPORIDAE,Pocillopora,ligulata,,,,,"Dana, 1846","For additional taxonomic information, please refer to Johnston <em>et al.</em> (2018)."
133046,Anacropora spinosa,ANIMALIA,CNIDARIA,ANTHOZOA,SCLERACTINIA,ACROPORIDAE,Anacropora,spinosa,,,,,"Rehberg, 1892","According to Veron <em>et al</em>. (2016), this species is poorly differentiated from <em>Acropora puertogalerae</em>."
133047,Mycetophyllia aliciae,ANIMALIA,CNIDARIA,ANTHOZOA,SCLERACTINIA,FAVIIDAE,Mycetophyllia,aliciae,,,,,"Wells, 1973",
133048,Astreopora suggesta,ANIMALIA,CNIDARIA,ANTHOZOA,SCLERACTINIA,ACROPORIDAE,Astreopora,suggesta,,,,,"Wells, 1954",
133049,Stylocoeniella guentheri,ANIMALIA,CNIDARIA,ANTHOZOA,SCLERACTINIA,ASTROCOENIIDAE,Stylocoeniella,guentheri,,,,,"(Bassett-Smith, 1890)",
133051,Goniopora norfolkensis,ANIMALIA,CNIDARIA,ANTHOZOA,SCLERACTINIA,PORITIDAE,Goniopora,norfolkensis,,,,,"Veron &amp; Pichon, 1982",
133052,Echinopora irregularis,ANIMALIA,CNIDARIA,ANTHOZOA,SCLERACTINIA,MERULINIDAE,Echinopora,irregularis,,,,,"Veron Turak &amp; DeVantier, 2000",The taxonomic validity and relationships of this species are outlined in Huang&#160;<em>et al.</em>&#160;(2014).
133053,Scolymia cubensis,ANIMALIA,CNIDARIA,ANTHOZOA,SCLERACTINIA,FAVIIDAE,Scolymia,cubensis,,,,,"(Milne Edwards &amp; Haime, 1849)",
133054,Goniopora tenuidens,ANIMALIA,CNIDARIA,ANTHOZOA,SCLERACTINIA,PORITIDAE,Goniopora,tenuidens,,,,,"(Quelch, 1886)",
133055,Favites halicora,ANIMALIA,CNIDARIA,ANTHOZOA,SCLERACTINIA,MERULINIDAE,Favites,halicora,,,,,"(Ehrenberg, 1834)",
133056,Montipora spongiosa,ANIMALIA,CNIDARIA,ANTHOZOA,SCLERACTINIA,ACROPORIDAE,Montipora,spongiosa,,,,,"(Ehrenberg, 1834)",
133057,Fimbriaphyllia paradivisa,ANIMALIA,CNIDARIA,ANTHOZOA,SCLERACTINIA,EUPHYLLIIDAE,Fimbriaphyllia,paradivisa,,,,,"(Veron, 1990)",
133058,Oxypora echinata,ANIMALIA,CNIDARIA,ANTHOZOA,SCLERACTINIA,LOBOPHYLLIIDAE,Oxypora,echinata,,,,,"(Saville-Kent, 1871)",
133059,Platygyra verweyi,ANIMALIA,CNIDARIA,ANTHOZOA,SCLERACTINIA,MERULINIDAE,Platygyra,verweyi,,,,,"Wijsman-Best, 1976",
133060,Goniastrea favulus,ANIMALIA,CNIDARIA,ANTHOZOA,SCLERACTINIA,MERULINIDAE,Goniastrea,favulus,,,,,"(Dana, 1846)",
133063,Polyphyllia talpina,ANIMALIA,CNIDARIA,ANTHOZOA,SCLERACTINIA,FUNGIIDAE,Polyphyllia,talpina,,,,,"(Lamarck, 1801)",
133064,Montipora florida,ANIMALIA,CNIDARIA,ANTHOZOA,SCLERACTINIA,ACROPORIDAE,Montipora,florida,,,,,"Nemenzo, 1967",
133066,Montipora informis,ANIMALIA,CNIDARIA,ANTHOZOA,SCLERACTINIA,ACROPORIDAE,Montipora,informis,,,,,"Bernard, 1897",
133067,Platygyra yaeyamaensis,ANIMALIA,CNIDARIA,ANTHOZOA,SCLERACTINIA,MERULINIDAE,Platygyra,yaeyamaensis,,,,,"(Eguchi &amp; Shirai, 1977)",
133068,Platygyra sinensis,ANIMALIA,CNIDARIA,ANTHOZOA,SCLERACTINIA,MERULINIDAE,Platygyra,sinensis,,,,,"(Milne Edwards &amp; Haime, 1849)",
133069,Astreopora cucullata,ANIMALIA,CNIDARIA,ANTHOZOA,SCLERACTINIA,ACROPORIDAE,Astreopora,cucullata,,,,,"Lamberts, 1980",
133070,Favites colemani,ANIMALIA,CNIDARIA,ANTHOZOA,SCLERACTINIA,MERULINIDAE,Favites,colemani,,,,,"(Veron, 2002)",
133071,Montipora foliosa,ANIMALIA,CNIDARIA,ANTHOZOA,SCLERACTINIA,ACROPORIDAE,Montipora,foliosa,,,,,"(Pallas, 1766)",
133072,Montipora echinata,ANIMALIA,CNIDARIA,ANTHOZOA,SCLERACTINIA,ACROPORIDAE,Montipora,echinata,,,,,"Veron DeVantier &amp; Turak, 2000",
133074,Paragoniastrea deformis,ANIMALIA,CNIDARIA,ANTHOZOA,SCLERACTINIA,MERULINIDAE,Paragoniastrea,deformis,,,,,"(Veron, 1990)","For additional taxonomic information, please refer to Huang<em> et al.</em> (2014)."
133075,Palauastrea ramosa,ANIMALIA,CNIDARIA,ANTHOZOA,SCLERACTINIA,ASTROCOENIIDAE,Palauastrea,ramosa,,,,,"Yabe &amp; Sugiyama, 1941",This is the type species of <em>Palauastrea</em>.
133076,Lobophyllia robusta,ANIMALIA,CNIDARIA,ANTHOZOA,SCLERACTINIA,LOBOPHYLLIIDAE,Lobophyllia,robusta,,,,,"Yabe &amp; Sugiyama, 1936",
133077,Coscinaraea mcneilli,ANIMALIA,CNIDARIA,ANTHOZOA,SCLERACTINIA,COSCINARAEIDAE,Coscinaraea,mcneilli,,,,,Wells 1962,
133078,Favites acuticollis,ANIMALIA,CNIDARIA,ANTHOZOA,SCLERACTINIA,MERULINIDAE,Favites,acuticollis,,,,,"(Ortmann, 1889)",
133079,Montipora maeandrina,ANIMALIA,CNIDARIA,ANTHOZOA,SCLERACTINIA,ACROPORIDAE,Montipora,maeandrina,,,,,"(Ehrenberg, 1834)",
213547584,Acropora selago,ANIMALIA,CNIDARIA,ANTHOZOA,SCLERACTINIA,ACROPORIDAE,Acropora,selago,,,,,"(Studer, 1879)",<em>Acropora insignis</em> is now a synonym of this species (WoRMS accessed January 2022).
133081,Acropora kirstyae,ANIMALIA,CNIDARIA,ANTHOZOA,SCLERACTINIA,ACROPORIDAE,Acropora,kirstyae,,,,,"Veron &amp; Wallace, 1984",
133082,Porites lutea,ANIMALIA,CNIDARIA,ANTHOZOA,SCLERACTINIA,PORITIDAE,Porites,lutea,,,,,"Milne Edwards &amp; Haime, 1851",
133083,Ctenactis albitentaculata,ANIMALIA,CNIDARIA,ANTHOZOA,SCLERACTINIA,FUNGIIDAE,Ctenactis,albitentaculata,,,,,"Hoeksema, 1989",
133084,Dipsastraea amicorum,ANIMALIA,CNIDARIA,ANTHOZOA,SCLERACTINIA,MERULINIDAE,Dipsastraea,amicorum,,,,,"(Milne Edwards &amp; Haime, 1849)",
133085,Balanophyllia europaea,ANIMALIA,CNIDARIA,ANTHOZOA,SCLERACTINIA,DENDROPHYLLIIDAE,Balanophyllia,europaea,,,,,"(Risso, 1826)",
133086,Acropora lamarcki,ANIMALIA,CNIDARIA,ANTHOZOA,SCLERACTINIA,ACROPORIDAE,Acropora,lamarcki,,,,,"Veron, 2000","According to Wallace <em>et al</em>. (2012), this species is a synonym of&#160;<em>Acropora subulata.</em>&#160;It is valid according to Veron <em>et al.</em> (2016) and the WoRMS online database (accessed January 2023)."
133087,Acropora subglabra,ANIMALIA,CNIDARIA,ANTHOZOA,SCLERACTINIA,ACROPORIDAE,Acropora,subglabra,,,,,"(Brook, 1891)",
133088,Echinopora lamellosa,ANIMALIA,CNIDARIA,ANTHOZOA,SCLERACTINIA,MERULINIDAE,Echinopora,lamellosa,,,,,(Esper 1791),
133089,Echinophyllia patula,ANIMALIA,CNIDARIA,ANTHOZOA,SCLERACTINIA,LOBOPHYLLIIDAE,Echinophyllia,patula,,,,,"(Hodgson &amp; Ross, 1982)",
254419719,Leptastrea purpurea,ANIMALIA,CNIDARIA,ANTHOZOA,SCLERACTINIA,LEPTASTREIDAE,Leptastrea,purpurea,,,,,"(Dana, 1846)","<em>Leptastrea pruinosa</em>&#160;is a junior synonym of&#160;<em>L. purpurea</em>&#160;(Dana, 1846) according to Arrigoni&#160;<em>et al</em>. (2020)."
133091,Leptoseris scabra,ANIMALIA,CNIDARIA,ANTHOZOA,SCLERACTINIA,AGARICIIDAE,Leptoseris,scabra,,,,,"Vaughan, 1907","This species may need taxonomic revision (<span id=""docs-internal-guid-e8562624-7fff-0973-1a26-8f26b532e20d"">Gijsbers <em>et al</em>. 2023)."
133092,Astreopora incrustans,ANIMALIA,CNIDARIA,ANTHOZOA,SCLERACTINIA,ACROPORIDAE,Astreopora,incrustans,,,,,"Bernard, 1896",
133093,Alveopora daedalea,ANIMALIA,CNIDARIA,ANTHOZOA,SCLERACTINIA,ACROPORIDAE,Alveopora,daedalea,,,,,"(Forskål, 1775)",
219646279,Psammocora nierstraszi,ANIMALIA,CNIDARIA,ANTHOZOA,SCLERACTINIA,PSAMMOCORIDAE,Psammocora,nierstraszi,,,,,"Van der Horst, 1921","<em>Psammocora verrilli</em> and <em>P. vaughani</em> are&#160;synonyms of this species (Benzoni <em>et al</em>. 2010, WoRMS online database accessed March 2023)."
133095,Pocillopora meandrina,ANIMALIA,CNIDARIA,ANTHOZOA,SCLERACTINIA,POCILLOPORIDAE,Pocillopora,meandrina,,,,,"Dana, 1846",
133096,Porites columnaris,ANIMALIA,CNIDARIA,ANTHOZOA,SCLERACTINIA,PORITIDAE,Porites,columnaris,,,,,"Klunzinger, 1879",
133098,Leptoseris papyracea,ANIMALIA,CNIDARIA,ANTHOZOA,SCLERACTINIA,AGARICIIDAE,Leptoseris,papyracea,,,,,"(Dana, 1846)",
133099,Pocillopora elegans,ANIMALIA,CNIDARIA,ANTHOZOA,SCLERACTINIA,POCILLOPORIDAE,Pocillopora,elegans,,,,,"Dana, 1846",
133100,Agaricia undata,ANIMALIA,CNIDARIA,ANTHOZOA,SCLERACTINIA,AGARICIIDAE,Agaricia,undata,,,,,"(Ellis &amp; Solander, 1786)",
133101,Goniastrea minuta,ANIMALIA,CNIDARIA,ANTHOZOA,SCLERACTINIA,MERULINIDAE,Goniastrea,minuta,,,,,"Veron, 2000","For additional taxonomic information, please refer to Huang <em>et al</em>. (2014)."
133102,Dichocoenia stokesii,ANIMALIA,CNIDARIA,ANTHOZOA,SCLERACTINIA,MEANDRINIDAE,Dichocoenia,stokesii,,,,,"Milne Edwards &amp; Haime, 1848","According to the WoRMS database (accessed August 2021),<em> Dichotaenia stellaris </em>is a junior synonym of <em>D. stokesii</em>. Colonies from lower reef slopes or shaded habitats have markedly smaller corallites than those from more exposed environments, and are usually identified as <em>D. stellaris</em> (Veron 2000)."
133104,Acropora elegantula,ANIMALIA,CNIDARIA,ANTHOZOA,SCLERACTINIA,ACROPORIDAE,Acropora,elegantula,,,,,"(Ortmann, 1889)","According to the WoRMS database (accessed January 2023), the taxonomic validity of this species is uncertain or disputed by different experts. According to Wallace (1999), this species is 'unresolved' and it was not included in the revision of the <em>Acropora </em>species by Wallace <em>et al.</em> (2012). Veron <em>et al.</em> (2016) treats this species as valid but emphasizes the need for further study."
133105,Porites murrayensis,ANIMALIA,CNIDARIA,ANTHOZOA,SCLERACTINIA,PORITIDAE,Porites,murrayensis,,,,,"Vaughan, 1918",
133107,Porites attenuata,ANIMALIA,CNIDARIA,ANTHOZOA,SCLERACTINIA,PORITIDAE,Porites,attenuata,,,,,"Nemenzo, 1955",
133108,Hydnophora bonsai,ANIMALIA,CNIDARIA,ANTHOZOA,SCLERACTINIA,MERULINIDAE,Hydnophora,bonsai,,,,,Veron 1990,
133109,Galaxea acrhelia,ANIMALIA,CNIDARIA,ANTHOZOA,SCLERACTINIA,EUPHYLLIIDAE,Galaxea,acrhelia,,,,,"Veron, 2000",
133110,Ctenactis crassa,ANIMALIA,CNIDARIA,ANTHOZOA,SCLERACTINIA,FUNGIIDAE,Ctenactis,crassa,,,,,"(Dana, 1846)","For additional taxonomic information, please refer to Gittenberger <em>et al.</em> (2011)."
133111,Montipora saudii,ANIMALIA,CNIDARIA,ANTHOZOA,SCLERACTINIA,ACROPORIDAE,Montipora,saudii,,,,,"Turak DeVantier &amp; Veron, 2000",
133112,Acropora caroliniana,ANIMALIA,CNIDARIA,ANTHOZOA,SCLERACTINIA,ACROPORIDAE,Acropora,caroliniana,,,,,"Nemenzo, 1976",
133113,Montipora cactus,ANIMALIA,CNIDARIA,ANTHOZOA,SCLERACTINIA,ACROPORIDAE,Montipora,cactus,,,,,"Bernard, 1897",
133114,Duncanopsammia axifuga,ANIMALIA,CNIDARIA,ANTHOZOA,SCLERACTINIA,DENDROPHYLLIIDAE,Duncanopsammia,axifuga,,,,,"(Milne Edwards &amp; Haime, 1848)",
133115,Acropora retusa,ANIMALIA,CNIDARIA,ANTHOZOA,SCLERACTINIA,ACROPORIDAE,Acropora,retusa,,,,,"(Dana, 1846)",
133116,Plerogyra simplex,ANIMALIA,CNIDARIA,ANTHOZOA,SCLERACTINIA,PLEROGYRIDAE,Plerogyra,simplex,,,,,"Rehberg, 1892",
133117,Montipora lobulata,ANIMALIA,CNIDARIA,ANTHOZOA,SCLERACTINIA,ACROPORIDAE,Montipora,lobulata,,,,,"Bernard, 1897",Records from the Pacific may represent a separate species and further study is needed (Veron&#160;<em>et al.</em>&#160;2016).
133118,Porites silimaniana,ANIMALIA,CNIDARIA,ANTHOZOA,SCLERACTINIA,PORITIDAE,Porites,silimaniana,,,,,"Nemenzo, 1976",
133119,Plerogyra cauliformis,ANIMALIA,CNIDARIA,ANTHOZOA,SCLERACTINIA,PLEROGYRIDAE,Plerogyra,cauliformis,,,,,"Ditlev, 2003","This species is considered ""probably valid"" according to Veron<em> et al.</em> (2016). It is accepted in the WoRMS online database (accessed February 2023)."
133120,Acropora latistella,ANIMALIA,CNIDARIA,ANTHOZOA,SCLERACTINIA,ACROPORIDAE,Acropora,latistella,,,,,"(Brook, 1892)",
133122,Acropora plantaginea,ANIMALIA,CNIDARIA,ANTHOZOA,SCLERACTINIA,ACROPORIDAE,Acropora,plantaginea,,,,,"(Lamarck, 1816)","According to the WoRMS online database (accessed January 2023), the taxonomic validity of this species is uncertain or disputed by different experts. Veron (2000) and Veron&#160;<em>et al</em>. (2016) consider this to be a moderately cryptic but valid species. Wallace (1999) questioned its validity and suspected it may be a synonym of&#160;<em>Acropora samoensis</em>&#160;and it is not included in the revision of <em>Acropora </em>species by Wallace <em>et al.</em> (2012)."
133123,Porites cumulatus,ANIMALIA,CNIDARIA,ANTHOZOA,SCLERACTINIA,PORITIDAE,Porites,cumulatus,,,,,"Nemenzo, 1955",
133125,Acropora fenneri,ANIMALIA,CNIDARIA,ANTHOZOA,SCLERACTINIA,ACROPORIDAE,Acropora,fenneri,,,,,"Veron, 2000","This species is considered valid (Z. Richards pers. comm. 2021), but further study may be needed to clarify its separation from <em>Acropora horrida</em> (Wallace<em> et al.</em> 2012)."
133126,Lobophyllia hassi,ANIMALIA,CNIDARIA,ANTHOZOA,SCLERACTINIA,LOBOPHYLLIIDAE,Lobophyllia,hassi,,,,,"(Pillai &amp; Scheer, 1976)",
133127,Lobophyllia valenciennesii,ANIMALIA,CNIDARIA,ANTHOZOA,SCLERACTINIA,LOBOPHYLLIIDAE,Lobophyllia,valenciennesii,,,,,"(Milne Edwards &amp; Haime, 1849)",
133128,Acropora pruinosa,ANIMALIA,CNIDARIA,ANTHOZOA,SCLERACTINIA,ACROPORIDAE,Acropora,pruinosa,,,,,"(Brook, 1893)","The taxonomic status of this species was considered unresolved by Wallace (1999), however, it is considered valid by Wallace <em>et al.</em> (2012), Veron (2000) and Veron <em>et al. </em>(2016). It is also listed as an accepted species in the World Register of Marine Species (online database accessed January 2022)."
133129,Astreopora ocellata,ANIMALIA,CNIDARIA,ANTHOZOA,SCLERACTINIA,ACROPORIDAE,Astreopora,ocellata,,,,,"Bernard, 1896",
133131,Montipora friabilis,ANIMALIA,CNIDARIA,ANTHOZOA,SCLERACTINIA,ACROPORIDAE,Montipora,friabilis,,,,,"Bernard, 1897",
133132,Acropora aspera,ANIMALIA,CNIDARIA,ANTHOZOA,SCLERACTINIA,ACROPORIDAE,Acropora,aspera,,,,,"(Dana, 1846)","The <em>Acropora aspera</em> species complex is comprised of seven known morphologically distinct species, five of which are found in sympatry on the Great Barrier Reef (Souter <em>et al. </em>2010)."
133134,Orbicella annularis,ANIMALIA,CNIDARIA,ANTHOZOA,SCLERACTINIA,MERULINIDAE,Orbicella,annularis,,,,,"(Ellis &amp; Solander, 1786)","<em>Montastraea&#160;annularis</em> (Weil and Knowlton 1994) has been split into three species, including <em>M. faveolata</em> and <em>M. franksi</em>. Consequently, most studies prior to 1994 do not distinguish between the three species, and information on population is difficult to disaggregate for the three taxa. Later, Budd <em>et al</em>. (2012) separated modern species of the genus <em>Montastraea</em> into three genera: <em>Montastraea</em> de Blainville, 1830 (Atlantic <em>Montastraea cavernosa</em>), <em>Orbicella</em> Dana, 1846 (Atlantic <em>Orbicella annularis</em> complex), and <em>Phymastrea</em> Milne Edwards and Haime, 1848 (Indo-Pacific)."
133135,Madracis pharensis,ANIMALIA,CNIDARIA,ANTHOZOA,SCLERACTINIA,POCILLOPORIDAE,Madracis,pharensis,,,,,"(Heller, 1868)","<p>This taxon is now classified under the family Pocilloporidae, along with all <em>Madracis </em>species (Benzoni <em>et al</em>. 2018). Moreover, recent genetic and morphological evidence suggests it is highly probable that the Caribbean zooxanthellate species <em>Madracis pharensis</em> <em>f. luciphila</em> is actually a completely separate species to the cave-dwelling<em> M. pharensis</em> found in the eastern Atlantic (Azores and Mediterranean; Benzoni <em>et al</em>. 2018). As <em>M. pharensis </em>was originally described from the Adriatic Sea by Heller (1868), it is likely that the populations of <em>M. pharensis f. luciphila</em> described by Wells (1973) will have to adopt a new species name.<br/><br/>The consequences of these new findings are a restricted geographic range in what we now know as <em>M. pharensis f. luciphila</em>, compared to the 2008 IUCN Red List assessment. A recent work on the evolution of symbiosis and coloniality of Scleractinia has shown that the <em>Madracis </em>genus may not be monophyletic with two lineages diverging early in the tree, one of <em>M. decactis</em>, M. senaria, <em>M. kirbyi</em> and <em>M. pharensis</em> clustering with Dendrophylliidae in the Robusta clade, while <em>M. asanoi</em>, <em>M. myriaster</em>, <em>M. formosa</em> and <em>M. carmabi</em> together with Pocilloporidae in the Complex clade (Navarro-Campoy<em> et al</em>. 2020). These results must be taken with caution before taxonomic decisions are made as the phylogenetic analyses of Navarro-Campoy <em>et al. </em>(2020) are based on incomplete sampling of molecular markers across the analysed&#160;<em>Madracis </em>species, and mainly based on nuclear marker 28s, which is a multicopy gene with intragenomic variation. <br/><br/>Recent genetic revisions have confirmed a long-standing suspicion that <em>M. pharensis</em>&#160;in the Caribbean (a zooxanthellate form, often referred to as <em>M. pharensis f. luciphila</em>) is in fact not the same species as the <em>M. pharensis </em>found in the Mediterranean (a cave-loving species often found without zooxanthellae, sometimes referred to as <em>M. pharensis f. pharensis</em> to distinguish it from <em>Luciphila </em>in the Caribbean; Benzoni <em>et al</em>. 2018). Clear genetic and morphological differences suggest these are two different species and reduces the known range of this species compared to the 2008 IUCN Red List assessment, when it was thought to be pan-Atlantic and found in the Azores and Mediterranean (Benzoni <em>et al</em>. 2018).<em> Madracis pharensis f. luciphila</em> has smaller corallites more closely packed together (Benzoni <em>et al</em>. 2018).<br/><br/>Other studies of&#160;<em>M. pharensis f. luciphila</em>&#160;show strong genetic divergence between deep (&gt;25 m) and shallow (&lt; 25 m) Caribbean populations, whereby both hosts and zooxanthellae are genetically different between depth zones (Frade <em>et al</em>. 2008). <em>Madracis pharensis </em>was previously thought to have a very broad depth distribution, but these findings suggest the existence of deep and shallow taxa. The genetic divergence observed between deep and shallow <em>M. pharensis</em> is similar to that measured for well-established interspecific comparisons (e.g. <em>M. mirabilis</em> and <em>M. formosa</em>), making it likely that these two groups represent subspecies or even cryptic species (Frade <em>et al</em>. 2010). These findings  further suggest that the range of <em>M. pharensis</em>  is more restricted both geographically and depth-wise. Smaller than presumed effective population sizes and more limited genetic exchange may leave these populations more vulnerable than previously assumed.<br/><br/>Controversy around the taxonomy of <em>M. pharensis</em> and assignation of new names for potentially new species within this species complex will remain until a complete sampling of this taxon is undertaken, including the different populations of the species reported not only in the Caribbean and Atlantic (Benzoni <em>et al</em>. 2018), but also in the Pacific (Cairns and Zibrowius 1997, see discussion in Cairns 2000). In this updated Red List assessment, we include data collected from both forms and referred to them accordingly.&#160;<br/></p>"
133136,Dipsastraea marshae,ANIMALIA,CNIDARIA,ANTHOZOA,SCLERACTINIA,MERULINIDAE,Dipsastraea,marshae,,,,,"(Veron, 2000)",
133137,Astreopora scabra,ANIMALIA,CNIDARIA,ANTHOZOA,SCLERACTINIA,ACROPORIDAE,Astreopora,scabra,,,,,"Lamberts, 1982",
133139,Isopora palifera,ANIMALIA,CNIDARIA,ANTHOZOA,SCLERACTINIA,ACROPORIDAE,Isopora,palifera,,,,,"(Lamarck, 1816)","The genus <em>Isopora</em> was previously a subgenus, but was elevated (Wallace <em>et al</em>. 2007). For additional taxonomic information, please refer to Wallace <em>et al.</em> (2012)."
133141,Schizoculina fissipara,ANIMALIA,CNIDARIA,ANTHOZOA,SCLERACTINIA,OCULINIDAE,Schizoculina,fissipara,,,,,"(Milne Edwards &amp; Haime, 1850)",Molecular research is needed to resolve taxonomic uncertainties associated with the separation of&#160;<em>Schizoculina africana</em>&#160;and<em>&#160;S. fissipara</em>&#160;(B. Hoeksema pers. comm. 2022).
133142,Cladocora caespitosa,ANIMALIA,CNIDARIA,ANTHOZOA,SCLERACTINIA,CLADOCORIDAE,Cladocora,caespitosa,,,,,"(Linnaeus, 1767)","<p>Even though the species was considered as part of the family Faviidae, this affiliation has been considered dubious and the species has most recently been placed within Caryophylliidae (Romano and Cairns 2000, Cairns <em>et al. </em>2001) and now within <em>Scleractinia incertae sedis</em> (Hoeksema and Cairns 2013).</p>"
133145,Stylocoeniella cocosensis,ANIMALIA,CNIDARIA,ANTHOZOA,SCLERACTINIA,ASTROCOENIIDAE,Stylocoeniella,cocosensis,,,,,"Veron, 1990",
133146,Turbinaria frondens,ANIMALIA,CNIDARIA,ANTHOZOA,SCLERACTINIA,DENDROPHYLLIIDAE,Turbinaria,frondens,,,,,"(Dana, 1846)",
133147,Leptoseris yabei,ANIMALIA,CNIDARIA,ANTHOZOA,SCLERACTINIA,AGARICIIDAE,Leptoseris,yabei,,,,,"(Pillai &amp; Scheer, 1976)",
133148,Ctenactis echinata,ANIMALIA,CNIDARIA,ANTHOZOA,SCLERACTINIA,FUNGIIDAE,Ctenactis,echinata,,,,,"(Pallas, 1766)",
133149,Goniopora ciliatus,ANIMALIA,CNIDARIA,ANTHOZOA,SCLERACTINIA,PORITIDAE,Goniopora,ciliatus,,,,,"Veron, 2000",
133150,Porites aranetai,ANIMALIA,CNIDARIA,ANTHOZOA,SCLERACTINIA,PORITIDAE,Porites,aranetai,,,,,"Nemenzo, 1955",
133151,Dipsastraea lacuna,ANIMALIA,CNIDARIA,ANTHOZOA,SCLERACTINIA,MERULINIDAE,Dipsastraea,lacuna,,,,,"(Veron Turak &amp; DeVantier, 2000)",
133152,Acanthastrea pachysepta,ANIMALIA,CNIDARIA,ANTHOZOA,SCLERACTINIA,LOBOPHYLLIIDAE,Acanthastrea,pachysepta,,,,,"(Chevalier, 1975)",Refer to Huang <em>et al.</em> (2016) for additional taxonomic information on this species.
133153,Agaricia fragilis,ANIMALIA,CNIDARIA,ANTHOZOA,SCLERACTINIA,AGARICIIDAE,Agaricia,fragilis,,,,,"Dana, 1848",
133154,Echinophyllia pectinata,ANIMALIA,CNIDARIA,ANTHOZOA,SCLERACTINIA,LOBOPHYLLIIDAE,Echinophyllia,pectinata,,,,,"Veron, 2000","For additional taxonomic information, please refer to Huang <em>et al.</em> (2016)."
133155,Pseudodiploria strigosa,ANIMALIA,CNIDARIA,ANTHOZOA,SCLERACTINIA,FAVIIDAE,Pseudodiploria,strigosa,,,,,"(Dana, 1848)","In 2012, the genus <em>Diploria</em> was split into two separate genera: <em>Diploria</em>, which consists only of the species <em>Diploria labyrinthiformis</em>; and a new genus, <em>Pseudodiploria</em>, which consists of the species <em>Pseudodiploria strigosa</em> and <em>Pseudodiploria clivosa</em> (Budd <em>et al</em>. 2012)."
133156,Alveopora verrilliana,ANIMALIA,CNIDARIA,ANTHOZOA,SCLERACTINIA,ACROPORIDAE,Alveopora,verrilliana,,,,,"Dana, 1846",
133157,Lobophyllia vitiensis,ANIMALIA,CNIDARIA,ANTHOZOA,SCLERACTINIA,LOBOPHYLLIIDAE,Lobophyllia,vitiensis,,,,,"(Brüggemann, 1878)",
133158,Podabacia crustacea,ANIMALIA,CNIDARIA,ANTHOZOA,SCLERACTINIA,FUNGIIDAE,Podabacia,crustacea,,,,,"(Pallas, 1766)",
254277149,Acropora austera,ANIMALIA,CNIDARIA,ANTHOZOA,SCLERACTINIA,ACROPORIDAE,Acropora,austera,,,,,"(Dana, 1846)","<em>Acropora parahemprichii</em>&#160;is now a synonym of this species (Veron&#160;<em>et al</em>. 2016, WoRMS accessed January 2022)."
133161,Platygyra contorta,ANIMALIA,CNIDARIA,ANTHOZOA,SCLERACTINIA,MERULINIDAE,Platygyra,contorta,,,,,"Veron, 1990",
133162,Paramontastraea salebrosa,ANIMALIA,CNIDARIA,ANTHOZOA,SCLERACTINIA,MERULINIDAE,Paramontastraea,salebrosa,,,,,"(Nemenzo, 1959)",
133163,Coscinaraea marshae,ANIMALIA,CNIDARIA,ANTHOZOA,SCLERACTINIA,COSCINARAEIDAE,Coscinaraea,marshae,,,,,Wells 1962,
133164,Acropora russelli,ANIMALIA,CNIDARIA,ANTHOZOA,SCLERACTINIA,ACROPORIDAE,Acropora,russelli,,,,,"Wallace, 1994",
133165,Oculina varicosa,ANIMALIA,CNIDARIA,ANTHOZOA,SCLERACTINIA,OCULINIDAE,Oculina,varicosa,,,,,"(Le Sueur, 1821)",
133166,Halomitra pileus,ANIMALIA,CNIDARIA,ANTHOZOA,SCLERACTINIA,FUNGIIDAE,Halomitra,pileus,,,,,"(Linnaeus, 1758)",
133167,Cyphastrea serailia,ANIMALIA,CNIDARIA,ANTHOZOA,SCLERACTINIA,MERULINIDAE,Cyphastrea,serailia,,,,,"(Forskål, 1775)",
133168,Pavona gigantea,ANIMALIA,CNIDARIA,ANTHOZOA,SCLERACTINIA,AGARICIIDAE,Pavona,gigantea,,,,,"(Verril, 1896)",
133169,Stylophora mamillata,ANIMALIA,CNIDARIA,ANTHOZOA,SCLERACTINIA,POCILLOPORIDAE,Stylophora,mamillata,,,,,"Scheer &amp; Pillai, 1983",
133170,Montipora dilatata,ANIMALIA,CNIDARIA,ANTHOZOA,SCLERACTINIA,ACROPORIDAE,Montipora,dilatata,,,,,"Studer, 1901",
133171,Coeloseris mayeri,ANIMALIA,CNIDARIA,ANTHOZOA,SCLERACTINIA,AGARICIIDAE,Coeloseris,mayeri,,,,,"Vaughan, 1918",This species may move to Euphylliidae (Arrigoni <em>et al.</em> 2023).
133172,Echinophyllia aspera,ANIMALIA,CNIDARIA,ANTHOZOA,SCLERACTINIA,LOBOPHYLLIIDAE,Echinophyllia,aspera,,,,,"(Ellis &amp; Solander, 1786)",
133173,Fimbriaphyllia ancora,ANIMALIA,CNIDARIA,ANTHOZOA,SCLERACTINIA,EUPHYLLIIDAE,Fimbriaphyllia,ancora,,,,,"(Veron &amp; Pichon, 1980)",
133174,Astreopora moretonensis,ANIMALIA,CNIDARIA,ANTHOZOA,SCLERACTINIA,ACROPORIDAE,Astreopora,moretonensis,,,,,"Veron &amp; Wallace, 1984",
133175,Montipora efflorescens,ANIMALIA,CNIDARIA,ANTHOZOA,SCLERACTINIA,ACROPORIDAE,Montipora,efflorescens,,,,,"Bernard, 1897",
133176,Psammocora exesa,ANIMALIA,CNIDARIA,ANTHOZOA,SCLERACTINIA,PSAMMOCORIDAE,Psammocora,exesa,,,,,"Dana, 1846",This species is listed as <em>Coscinaraea exesa</em> in Veron <em>et al</em>. (2016).
133177,Turbinaria patula,ANIMALIA,CNIDARIA,ANTHOZOA,SCLERACTINIA,DENDROPHYLLIIDAE,Turbinaria,patula,,,,,"(Dana, 1846)",
133178,Astrea annuligera,ANIMALIA,CNIDARIA,ANTHOZOA,SCLERACTINIA,MERULINIDAE,Astrea,annuligera,,,,,"Milne Edwards &amp; Haime, 1849",
133179,Lithophyllon scabra,ANIMALIA,CNIDARIA,ANTHOZOA,SCLERACTINIA,FUNGIIDAE,Lithophyllon,scabra,,,,,"(Döderlein, 1901)","For additional taxonomic information, please refer to Gittenberger <em>et al.</em> (2011)."
133180,Galaxea longisepta,ANIMALIA,CNIDARIA,ANTHOZOA,SCLERACTINIA,EUPHYLLIIDAE,Galaxea,longisepta,,,,,"Fenner &amp; Veron, 2000",
133181,Acropora sukarnoi,ANIMALIA,CNIDARIA,ANTHOZOA,SCLERACTINIA,ACROPORIDAE,Acropora,sukarnoi,,,,,"Wallace, 1997","This species was recognized as a synonym of <em>Acropora irregularis</em> by Veron (2000), but it is now considered valid by Veron <em>et al</em>. (2016) and the WoRMS online database (accessed January 2022)."
133182,Isopora brueggemanni,ANIMALIA,CNIDARIA,ANTHOZOA,SCLERACTINIA,ACROPORIDAE,Isopora,brueggemanni,,,,,"(Brook, 1893)",<em>Acropora meridiana</em> is now a synonym of this species&#160;(WoRMS accessed January 2022).
133183,Pleuractis granulosa,ANIMALIA,CNIDARIA,ANTHOZOA,SCLERACTINIA,FUNGIIDAE,Pleuractis,granulosa,,,,,"(Klunzinger, 1879)",
133184,Mussismilia hispida,ANIMALIA,CNIDARIA,ANTHOZOA,SCLERACTINIA,FAVIIDAE,Mussismilia,hispida,,,,,"(Verrill, 1901)","This species was previously placed in the family Mussidae, but is now placed under Faviidae (Budd <em>et al.</em> Budd <em>et al</em>. 2019)."
133185,Montipora calcarea,ANIMALIA,CNIDARIA,ANTHOZOA,SCLERACTINIA,ACROPORIDAE,Montipora,calcarea,,,,,"Bernard, 1897",This species is 'unresolved' according to Veron<em> et al</em>. (2016). It is valid according to the WoRMS online database (accessed January 2023).
133186,Montipora floweri,ANIMALIA,CNIDARIA,ANTHOZOA,SCLERACTINIA,ACROPORIDAE,Montipora,floweri,,,,,"Wells, 1954",
133187,Porites arnaudi,ANIMALIA,CNIDARIA,ANTHOZOA,SCLERACTINIA,PORITIDAE,Porites,arnaudi,,,,,"Reyes-Bonilla &amp; Carricart-Ganivet, 2000",
133188,Echinopora hirsutissima,ANIMALIA,CNIDARIA,ANTHOZOA,SCLERACTINIA,MERULINIDAE,Echinopora,hirsutissima,,,,,"Milne Edwards &amp; Haime, 1849",
133190,Montipora vietnamensis,ANIMALIA,CNIDARIA,ANTHOZOA,SCLERACTINIA,ACROPORIDAE,Montipora,vietnamensis,,,,,"Veron, 2000",
133191,Montipora porites,ANIMALIA,CNIDARIA,ANTHOZOA,SCLERACTINIA,ACROPORIDAE,Montipora,porites,,,,,"Veron, 2000",
133192,Echinophyllia glabra,ANIMALIA,CNIDARIA,ANTHOZOA,SCLERACTINIA,LOBOPHYLLIIDAE,Echinophyllia,glabra,,,,,"(Nemenzo, 1959)","For additional taxonomic information, please refer to Arrigoni <em>et al</em>. (2019)."
133194,Montipora digitata,ANIMALIA,CNIDARIA,ANTHOZOA,SCLERACTINIA,ACROPORIDAE,Montipora,digitata,,,,,"(Dana, 1846)",
133195,Acropora appressa,ANIMALIA,CNIDARIA,ANTHOZOA,SCLERACTINIA,ACROPORIDAE,Acropora,appressa,,,,,"(Ehrenberg, 1834)","According to the <a href=""https://www.marinespecies.org/aphia.php?p=taxdetails&amp;id=207066"">WoRMS</a>&#160;online database (accessed January 2023), it is taxon inquirendum (the taxonomic validity of this species is uncertain or disputed by different experts). It is considered valid according to Veron <em>et al.</em> (2016) but it was not included in the taxonomic revision of <em>Acropora </em>species by Wallace <em>et al.</em> (2012)."
133196,Montipora incrassata,ANIMALIA,CNIDARIA,ANTHOZOA,SCLERACTINIA,ACROPORIDAE,Montipora,incrassata,,,,,"(Dana, 1846)",
254422741,Pocillopora verrucosa,ANIMALIA,CNIDARIA,ANTHOZOA,SCLERACTINIA,POCILLOPORIDAE,Pocillopora,verrucosa,,,,,"(Ellis &amp; Solander, 1786)",<em>Pocillopora danae</em>&#160;is now a synonym of this species&#160;(WoRMS accessed January 2022).
133198,Goniopora fruticosa,ANIMALIA,CNIDARIA,ANTHOZOA,SCLERACTINIA,PORITIDAE,Goniopora,fruticosa,,,,,"Saville-Kent, 1891",
133199,Montipora aspergillus,ANIMALIA,CNIDARIA,ANTHOZOA,SCLERACTINIA,ACROPORIDAE,Montipora,aspergillus,,,,,"Veron DeVantier &amp; Turak, 2000",
133200,Oulophyllia crispa,ANIMALIA,CNIDARIA,ANTHOZOA,SCLERACTINIA,MERULINIDAE,Oulophyllia,crispa,,,,,"(Lamarck, 1816)",
133201,Lobactis scutaria,ANIMALIA,CNIDARIA,ANTHOZOA,SCLERACTINIA,FUNGIIDAE,Lobactis,scutaria,,,,,"(Lamarck, 1801)","For additional taxonomic information, please refer to Gittenberger <em>et al.</em> (2011)."
133202,Montipora hemispherica,ANIMALIA,CNIDARIA,ANTHOZOA,SCLERACTINIA,ACROPORIDAE,Montipora,hemispherica,,,,,"Veron, 2000",
133203,Acropora tenella,ANIMALIA,CNIDARIA,ANTHOZOA,SCLERACTINIA,ACROPORIDAE,Acropora,tenella,,,,,"(Brook, 1892)",
133204,Acropora forskali,ANIMALIA,CNIDARIA,ANTHOZOA,SCLERACTINIA,ACROPORIDAE,Acropora,forskali,,,,,"(Ehrenberg, 1834)","According to the WoRMS online database (accessed January 2023), the taxonomic validity of this species is uncertain or disputed by different experts. According to Wallace (1999), this species is 'unresolved' and it is not included in the revision of <em>Acropora </em>species by Wallace <em>et al</em>. (2012). It is a valid, distinct species according to Veron<em> et al.</em>&#160;(2016)."
133205,Pectinia teres,ANIMALIA,CNIDARIA,ANTHOZOA,SCLERACTINIA,MERULINIDAE,Pectinia,teres,,,,,"Nemenzo &amp; Montecillo, 1981",
133206,Acropora roseni,ANIMALIA,CNIDARIA,ANTHOZOA,SCLERACTINIA,ACROPORIDAE,Acropora,roseni,,,,,"Wallace, 1999",
254274183,Acropora clathrata,ANIMALIA,CNIDARIA,ANTHOZOA,SCLERACTINIA,ACROPORIDAE,Acropora,clathrata,,,,,"(Brook, 1891)",Reports of this species in the Persian Gulf prior to the description of&#160;<em>Acropora downingi</em>&#160;might likely be&#160;<em>A. downingi</em>&#160;(Riegl&#160;<em>et al</em>. 2018). This species has finer and more crowded branches compared to&#160;<em>A. downingi&#160;</em>and is a species complex<em>&#160;</em>(Veron&#160;<em>et al.</em>&#160;2016).&#160;<em>Acropora orbicularis</em>&#160;is now a synonym of this species&#160;(WoRMS accessed January 2022).
219646070,Psammocora contigua,ANIMALIA,CNIDARIA,ANTHOZOA,SCLERACTINIA,PSAMMOCORIDAE,Psammocora,contigua,,,,,"(Esper, 1794)",
133209,Favites pentagona,ANIMALIA,CNIDARIA,ANTHOZOA,SCLERACTINIA,MERULINIDAE,Favites,pentagona,,,,,"(Esper, 1790)",
133210,Dipsastraea speciosa,ANIMALIA,CNIDARIA,ANTHOZOA,SCLERACTINIA,MERULINIDAE,Dipsastraea,speciosa,,,,,"(Dana, 1846)",
133211,Porites negrosensis,ANIMALIA,CNIDARIA,ANTHOZOA,SCLERACTINIA,PORITIDAE,Porites,negrosensis,,,,,"Veron, 1990",
133212,Oculina diffusa,ANIMALIA,CNIDARIA,ANTHOZOA,SCLERACTINIA,OCULINIDAE,Oculina,diffusa,,,,,"Lamarck, 1816",
133213,Lithophyllon undulatum,ANIMALIA,CNIDARIA,ANTHOZOA,SCLERACTINIA,FUNGIIDAE,Lithophyllon,undulatum,,,,,"Rehberg, 1892",
133215,Cycloseris tenuis,ANIMALIA,CNIDARIA,ANTHOZOA,SCLERACTINIA,FUNGIIDAE,Cycloseris,tenuis,,,,,"(Dana, 1846)","For additional taxonomic information, please refer to Hoeksema (1989) and Gittenberger <em>et al</em>. (2011)."
133216,Porites lobata,ANIMALIA,CNIDARIA,ANTHOZOA,SCLERACTINIA,PORITIDAE,Porites,lobata,,,,,"Dana, 1846",<em>Porites baueri</em>&#160;and <em>Porites excavata</em> are&#160;now synonyms of this species&#160;(WoRMS accessed January 2022).
133217,Meandrina danae,ANIMALIA,CNIDARIA,ANTHOZOA,SCLERACTINIA,MEANDRINIDAE,Meandrina,danae,,,,,"Milen-Edwards &amp; Haime, 1948","This species is commonly confused with <em>Meandrina braziliensis</em>. Smith (1971) recognized two species in the Caribbean, the sub-massive and platy form, <em>M. meandrites</em>, and a free-living form, <em>M. danae</em>, and a third species in Brazil, <em>M. braziliensis</em>. Most reports in the last 20 years refer to the free-living form in the Caribbean as <em>M. braziliensis</em>. Review of the genus in the Caribbean has confirmed the identity of <em>M. danae</em> as the free-living form distinct from <em>M. braziliensis</em>, the identity of <em>M. meandrites</em> as a sub-massive platy form and a new crustos species yet to be described (Pinzón&#160;and Weil 2011)."
133218,Pachyseris foliosa,ANIMALIA,CNIDARIA,ANTHOZOA,SCLERACTINIA,NOT ASSIGNED,Pachyseris,foliosa,,,,,"Veron, 1990","The&#160;<em>Pachyseris&#160;</em>genus appears to be closely related to Euphylliidae, but family placement remains uncertain (Terraneo&#160;<em>et al</em>. 2014, WoRMS online database accessed July 2022)."
133219,Nemenzophyllia turbida,ANIMALIA,CNIDARIA,ANTHOZOA,SCLERACTINIA,PLEROGYRIDAE,Nemenzophyllia,turbida,,,,,"Hodgson &amp; Ross, 1982",
133220,Montipora caliculata,ANIMALIA,CNIDARIA,ANTHOZOA,SCLERACTINIA,ACROPORIDAE,Montipora,caliculata,,,,,"(Dana, 1846)",
133222,Pocillopora damicornis,ANIMALIA,CNIDARIA,ANTHOZOA,SCLERACTINIA,POCILLOPORIDAE,Pocillopora,damicornis,,,,,"(Linnaeus, 1758)","This species is comprised of a group of closely related yet clearly distinct genetic lineages representing at least eight newly defined species. The improved taxonomic scheme has helped to explain controversies over differences in life history strategies assumed for the species, such as reproductive mode or timing, however, evidence suggests that additional cryptic species remain to be identified (Schmidt-Roach <em>et al. </em>2014)."
133223,Acropora donei,ANIMALIA,CNIDARIA,ANTHOZOA,SCLERACTINIA,ACROPORIDAE,Acropora,donei,,,,,"Veron &amp; Wallace, 1984","<em>Acropora akajimensis</em> was previously a synonym of this species&#160;(Bridge <em>et al</em>. 2023). Infrequent hybridization may occur between this species and <em>Acropora tenuis</em> (Hatta and Matsushima 2008, Morita <em>et al</em>. 2019)."
133224,Meandrina meandrites,ANIMALIA,CNIDARIA,ANTHOZOA,SCLERACTINIA,MEANDRINIDAE,Meandrina,meandrites,,,,,"(Linnaeus, 1758)",
133225,Fimbriaphyllia divisa,ANIMALIA,CNIDARIA,ANTHOZOA,SCLERACTINIA,EUPHYLLIIDAE,Fimbriaphyllia,divisa,,,,,"(Veron &amp; Pichon, 1980)",This species represents a complex according to Veron <em>et al</em>. (2016). It was reclassified from <em>Euphyllia divisa</em> to <em>Fimbriaphyllia divisa</em>&#160;according to Luzon <em>et al</em>. (2017).&#160;<em>Fimbriaphyllia divisa&#160;</em>is a valid species according to WoRMS (accessed April 2023).
133226,Lobophyllia serrata,ANIMALIA,CNIDARIA,ANTHOZOA,SCLERACTINIA,LOBOPHYLLIIDAE,Lobophyllia,serrata,,,,,"Veron, 2002","The Lobophylliidae family is a monophyletic group of ‘robust’ corals, with the genus <em>Lobophyllia</em> reclassed as a molecular subclade (Arrigoni <em>et al.</em> 2014, Huang <em>et al.</em> 2016)."
133227,Astreopora expansa,ANIMALIA,CNIDARIA,ANTHOZOA,SCLERACTINIA,ACROPORIDAE,Astreopora,expansa,,,,,"(Brüggemann, 1877)",
133228,Euphyllia paraglabrescens,ANIMALIA,CNIDARIA,ANTHOZOA,SCLERACTINIA,EUPHYLLIIDAE,Euphyllia,paraglabrescens,,,,,"Veron, 1990",
133229,Montipora flabellata,ANIMALIA,CNIDARIA,ANTHOZOA,SCLERACTINIA,ACROPORIDAE,Montipora,flabellata,,,,,"Studer, 1901",
133230,Cycloseris vaughani,ANIMALIA,CNIDARIA,ANTHOZOA,SCLERACTINIA,FUNGIIDAE,Cycloseris,vaughani,,,,,"(Boschma, 1923)","For additional taxonomic information, please refer to Gittenberger <em>et al</em>. (2011)."
133231,Diploastrea heliopora,ANIMALIA,CNIDARIA,ANTHOZOA,SCLERACTINIA,DIPLOASTRAEIDAE,Diploastrea,heliopora,,,,,"(Lamarck, 1816)",
133232,Goniopora palmensis,ANIMALIA,CNIDARIA,ANTHOZOA,SCLERACTINIA,PORITIDAE,Goniopora,palmensis,,,,,"Veron &amp; Pichon, 1982",
133233,Acropora kimbeensis,ANIMALIA,CNIDARIA,ANTHOZOA,SCLERACTINIA,ACROPORIDAE,Acropora,kimbeensis,,,,,"Wallace, 1999",
133234,Stylophora danae,ANIMALIA,CNIDARIA,ANTHOZOA,SCLERACTINIA,POCILLOPORIDAE,Stylophora,danae,,,,,"Milne Edwards &amp; Haime, 1850",Keshavmurthy <em>et al. </em>(2013) reports there are multiple lineages and clades. Meziere <em>et al</em>. (2022) has reported that different lineages and clades have different bleaching responses.
133235,Turbinaria heronensis,ANIMALIA,CNIDARIA,ANTHOZOA,SCLERACTINIA,DENDROPHYLLIIDAE,Turbinaria,heronensis,,,,,"Wells, 1959",
133236,Galaxea paucisepta,ANIMALIA,CNIDARIA,ANTHOZOA,SCLERACTINIA,EUPHYLLIIDAE,Galaxea,paucisepta,,,,,"Claereboudt, 1990",
133237,Montastraea cavernosa,ANIMALIA,CNIDARIA,ANTHOZOA,SCLERACTINIA,MONTASTRAEIDAE,Montastraea,cavernosa,,,,,"(Linnaeus, 1767)",This species was previously classified in the family Faviidae but is now under Montastraeidae (Huang <em>et al</em>. 2014).
133238,Montipora hispida,ANIMALIA,CNIDARIA,ANTHOZOA,SCLERACTINIA,ACROPORIDAE,Montipora,hispida,,,,,"(Dana, 1846)",This is a species complex (Veron <em>et al</em>. 2016).
133239,Acropora nasuta,ANIMALIA,CNIDARIA,ANTHOZOA,SCLERACTINIA,ACROPORIDAE,Acropora,nasuta,,,,,"(Dana, 1846)",
133240,Pavona clavus,ANIMALIA,CNIDARIA,ANTHOZOA,SCLERACTINIA,AGARICIIDAE,Pavona,clavus,,,,,"Dana, 1846",
133241,Pectinia crassa,ANIMALIA,CNIDARIA,ANTHOZOA,SCLERACTINIA,MERULINIDAE,Pectinia,crassa,,,,,"Ditlev, 2003","<span style=""background-color: white;"">According to Veron <em>et al</em>. (2016), this species is a synonym of <em>Pectinia ayleni</em>. It is accepted in the WoRMS online database (accessed February 2023). There is high taxonomic uncertainty associated with this species, but it is valid (D. Huang pers. comm. 2023).</span>"
133242,Pavona frondifera,ANIMALIA,CNIDARIA,ANTHOZOA,SCLERACTINIA,AGARICIIDAE,Pavona,frondifera,,,,,"(Lamarck, 1816)",
133243,Echinopora pacifica,ANIMALIA,CNIDARIA,ANTHOZOA,SCLERACTINIA,MERULINIDAE,Echinopora,pacifica,,,,,"Veron, 1990",
133244,Favites flexuosa,ANIMALIA,CNIDARIA,ANTHOZOA,SCLERACTINIA,MERULINIDAE,Favites,flexuosa,,,,,"(Dana, 1846)",
133245,Montipora spongodes,ANIMALIA,CNIDARIA,ANTHOZOA,SCLERACTINIA,ACROPORIDAE,Montipora,spongodes,,,,,"Bernard, 1897",
133246,Acanthastrea echinata,ANIMALIA,CNIDARIA,ANTHOZOA,SCLERACTINIA,LOBOPHYLLIIDAE,Acanthastrea,echinata,,,,,"(Dana, 1846)","For additional taxonomic information, please refer to Huang <em>et al</em>. (2016)."
133247,Acropora pharaonis,ANIMALIA,CNIDARIA,ANTHOZOA,SCLERACTINIA,ACROPORIDAE,Acropora,pharaonis,,,,,"(Milne Edwards, 1860)",
254271535,Acropora robusta,ANIMALIA,CNIDARIA,ANTHOZOA,SCLERACTINIA,ACROPORIDAE,Acropora,robusta,,,,,"(Dana, 1846)",<em>Acropora nobilis</em>&#160;and&#160;<em>Acropora pinguis</em>&#160;are&#160;now synonyms of this species&#160;(WoRMS online database accessed January 2022).
133249,Porites mayeri,ANIMALIA,CNIDARIA,ANTHOZOA,SCLERACTINIA,PORITIDAE,Porites,mayeri,,,,,"Vaughan, 1918","Species of the genus <em>Porites </em>are among the most taxonomically challenging to identify, especially in the field."
254415453,Acropora digitifera,ANIMALIA,CNIDARIA,ANTHOZOA,SCLERACTINIA,ACROPORIDAE,Acropora,digitifera,,,,,"(Dana, 1846)",<em>Acropora schmitti</em>&#160;is now a synonym of this species&#160;(WoRMS accessed January 2022).
133251,Stylophora wellsi,ANIMALIA,CNIDARIA,ANTHOZOA,SCLERACTINIA,POCILLOPORIDAE,Stylophora,wellsi,,,,,"Scheer, 1964",
133252,Acropora tortuosa,ANIMALIA,CNIDARIA,ANTHOZOA,SCLERACTINIA,ACROPORIDAE,Acropora,tortuosa,,,,,"(Dana, 1846)",
133253,Blastomussa wellsi,ANIMALIA,CNIDARIA,ANTHOZOA,SCLERACTINIA,PLEROGYRIDAE,Blastomussa,wellsi,,,,,"Wijsmann-Best, 1973",
133254,Acropora suharsonoi,ANIMALIA,CNIDARIA,ANTHOZOA,SCLERACTINIA,ACROPORIDAE,Acropora,suharsonoi,,,,,"Wallace, 1994",
133255,Agaricia humilis,ANIMALIA,CNIDARIA,ANTHOZOA,SCLERACTINIA,AGARICIIDAE,Agaricia,humilis,,,,,"Verrill, 1901",
133256,Euphyllia glabrescens,ANIMALIA,CNIDARIA,ANTHOZOA,SCLERACTINIA,EUPHYLLIIDAE,Euphyllia,glabrescens,,,,,"(Chamisso &amp; Eysenhardt, 1821)",
133257,Diploria labyrinthiformis,ANIMALIA,CNIDARIA,ANTHOZOA,SCLERACTINIA,FAVIIDAE,Diploria,labyrinthiformis,,,,,"(Linnaeus, 1758)",
133258,Plerogyra sinuosa,ANIMALIA,CNIDARIA,ANTHOZOA,SCLERACTINIA,PLEROGYRIDAE,Plerogyra,sinuosa,,,,,"(Dana, 1846)",
133259,Montipora stellata,ANIMALIA,CNIDARIA,ANTHOZOA,SCLERACTINIA,ACROPORIDAE,Montipora,stellata,,,,,"Bernard, 1897",
133260,Trachyphyllia geoffroyi,ANIMALIA,CNIDARIA,ANTHOZOA,SCLERACTINIA,MERULINIDAE,Trachyphyllia,geoffroyi,,,,,"(Audouin, 1826)",
133261,Pavona danai,ANIMALIA,CNIDARIA,ANTHOZOA,SCLERACTINIA,AGARICIIDAE,Pavona,danai,,,,,"(Milne Edwards, 1860)","This species is poorly morphologically defined, and likely needs taxonomic revision (C. Lewis pers comm. 2023)."
133262,Porites annae,ANIMALIA,CNIDARIA,ANTHOZOA,SCLERACTINIA,PORITIDAE,Porites,annae,,,,,"Crossland, 1952","Species of the genus <em>Porites </em>are among the most taxonomically challenging to identify, especially in the field. Even though this species has a characteristic branching morphology, its morphological plasticity alongside earlier findings that this species may be genetically indistinguishable from other species within the genus (e.g., Forsman <em>et al</em>. 2009), and this makes species boundaries not so clear and easy to determine."
133263,Paramontastraea serageldini,ANIMALIA,CNIDARIA,ANTHOZOA,SCLERACTINIA,MERULINIDAE,Paramontastraea,serageldini,,,,,"(Veron, 2002)",
133264,Acropora cardenae,ANIMALIA,CNIDARIA,ANTHOZOA,SCLERACTINIA,ACROPORIDAE,Acropora,cardenae,,,,,"Wells, 1985",
133267,Astreopora listeri,ANIMALIA,CNIDARIA,ANTHOZOA,SCLERACTINIA,ACROPORIDAE,Astreopora,listeri,,,,,"Bernard, 1896",
133268,Goniopora diminuta,ANIMALIA,CNIDARIA,ANTHOZOA,SCLERACTINIA,PORITIDAE,Goniopora,diminuta,,,,,"(Veron, 2002)",
133269,Heliofungia actiniformis,ANIMALIA,CNIDARIA,ANTHOZOA,SCLERACTINIA,FUNGIIDAE,Heliofungia,actiniformis,,,,,"(Quoy &amp; Gaimard, 1833)","For additional taxonomic information, please refer to Gittenberger <em>et al. </em>(2011)."
133270,Porites myrmidonensis,ANIMALIA,CNIDARIA,ANTHOZOA,SCLERACTINIA,PORITIDAE,Porites,myrmidonensis,,,,,"Veron, 1985",
254416531,Acropora sarmentosa,ANIMALIA,CNIDARIA,ANTHOZOA,SCLERACTINIA,ACROPORIDAE,Acropora,sarmentosa,,,,,"(Brook, 1892)",<em>Acropora vermiculata</em>&#160;is now a synonym of this species&#160;(WoRMS accessed January 2022).
133272,Pectinia paeonia,ANIMALIA,CNIDARIA,ANTHOZOA,SCLERACTINIA,MERULINIDAE,Pectinia,paeonia,,,,,"(Dana, 1846)",
133277,Porites australiensis,ANIMALIA,CNIDARIA,ANTHOZOA,SCLERACTINIA,PORITIDAE,Porites,australiensis,,,,,"Vaughan, 1918",
133281,Madracis formosa,ANIMALIA,CNIDARIA,ANTHOZOA,SCLERACTINIA,POCILLOPORIDAE,Madracis,formosa,,,,,"Wells, 1973","<p><em>Madracis formosa</em> has been moved into Pocilloporidae, along with all <em>Madracis</em> species, as genetics has recently confirmed it is more closely related to <em>Pocillopora</em> than <em>Stephanocoenia</em> (Benzoni <em>et al</em>. 2018).</p>"
133282,Montipora kellyi,ANIMALIA,CNIDARIA,ANTHOZOA,SCLERACTINIA,ACROPORIDAE,Montipora,kellyi,,,,,"Veron, 2000",
133283,Acropora batunai,ANIMALIA,CNIDARIA,ANTHOZOA,SCLERACTINIA,ACROPORIDAE,Acropora,batunai,,,,,"Wallace, 1997",
254265312,Plesiastrea versipora,ANIMALIA,CNIDARIA,ANTHOZOA,SCLERACTINIA,PLESIASTREIDAE,Plesiastrea,versipora,,,,,"(Lamarck, 1816)","<span style=""background-color: white;""><em>Plesiastrea versipora</em> was revised and split, with <em>P. versipora</em> now considered present only in Australia and&#160;<em>P. peroni</em> present in northern Australia and elsewhere within the previous range attributed to <em>P. versipora&#160;</em>(Juszkiewicz <em>et al</em>. 2022).</span>"
133285,Montipora palawanensis,ANIMALIA,CNIDARIA,ANTHOZOA,SCLERACTINIA,ACROPORIDAE,Montipora,palawanensis,,,,,"Veron, 2000",
133287,Astraeosmilia connata,ANIMALIA,CNIDARIA,ANTHOZOA,SCLERACTINIA,MERULINIDAE,Astraeosmilia,connata,,,,,"Ortmann, 1892",
133288,Agaricia grahamae,ANIMALIA,CNIDARIA,ANTHOZOA,SCLERACTINIA,AGARICIIDAE,Agaricia,grahamae,,,,,"Wells, 1973",
133289,Fimbriaphyllia paraancora,ANIMALIA,CNIDARIA,ANTHOZOA,SCLERACTINIA,EUPHYLLIIDAE,Fimbriaphyllia,paraancora,,,,,"(Veron, 1990)",
133290,Favites abdita,ANIMALIA,CNIDARIA,ANTHOZOA,SCLERACTINIA,MERULINIDAE,Favites,abdita,,,,,"(Ellis &amp; Solander, 1786)",
133291,Acropora striata,ANIMALIA,CNIDARIA,ANTHOZOA,SCLERACTINIA,ACROPORIDAE,Acropora,striata,,,,,"(Verrill, 1866)",
254416750,Astreopora myriophthalma,ANIMALIA,CNIDARIA,ANTHOZOA,SCLERACTINIA,ACROPORIDAE,Astreopora,myriophthalma,,,,,"(Lamarck, 1816)",<em>Astreopora eliptica</em>&#160;is now a synonym of this species&#160;(WoRMS online database accessed January 2022).
254348980,Acropora valida,ANIMALIA,CNIDARIA,ANTHOZOA,SCLERACTINIA,ACROPORIDAE,Acropora,valida,,,,,"(Dana, 1846)",<em>Acropora parapharaonis</em>&#160;and&#160;<em>Acropora variabilis</em>&#160;are&#160;now synonyms of this species&#160;(WoRMS accessed January 2022).
133294,Acropora lokani,ANIMALIA,CNIDARIA,ANTHOZOA,SCLERACTINIA,ACROPORIDAE,Acropora,lokani,,,,,"Wallace, 1994",
133295,Mycedium umbra,ANIMALIA,CNIDARIA,ANTHOZOA,SCLERACTINIA,MERULINIDAE,Mycedium,umbra,,,,,"Veron, 2000",
133296,Porites tuberculosus,ANIMALIA,CNIDARIA,ANTHOZOA,SCLERACTINIA,PORITIDAE,Porites,tuberculosus,,,,,"Veron, 2000","The name <em>Porites tuberculosus</em> Veron, 2000 may change in the future. <em>Montipora tuberculosa</em> (Lamarck, 1816) and <em>Porites tuberculosus</em> Veron, 2000 are valid and separate species (WoRMS online database accessed March 2022, B. Hoeksema pers. comm. 2022)."
133297,Goniopora savignyi,ANIMALIA,CNIDARIA,ANTHOZOA,SCLERACTINIA,PORITIDAE,Goniopora,savignyi,,,,,"Dana, 1846",
133298,Montipora turgescens,ANIMALIA,CNIDARIA,ANTHOZOA,SCLERACTINIA,ACROPORIDAE,Montipora,turgescens,,,,,"Bernard, 1897",
133299,Cycloseris sinensis,ANIMALIA,CNIDARIA,ANTHOZOA,SCLERACTINIA,FUNGIIDAE,Cycloseris,sinensis,,,,,"Milne Edwards &amp; Haine, 1851",
133301,Porites ornata,ANIMALIA,CNIDARIA,ANTHOZOA,SCLERACTINIA,PORITIDAE,Porites,ornata,,,,,"Nemenzo, 1971",
133302,Astreopora gracilis,ANIMALIA,CNIDARIA,ANTHOZOA,SCLERACTINIA,ACROPORIDAE,Astreopora,gracilis,,,,,"Bernard, 1896",
133303,Acropora lutkeni,ANIMALIA,CNIDARIA,ANTHOZOA,SCLERACTINIA,ACROPORIDAE,Acropora,lutkeni,,,,,"Crossland, 1952",
133304,Lobophyllia hataii,ANIMALIA,CNIDARIA,ANTHOZOA,SCLERACTINIA,LOBOPHYLLIIDAE,Lobophyllia,hataii,,,,,"Yabe, Sugiyama &amp; Eguchi, 1936",
133305,Montipora verrilli,ANIMALIA,CNIDARIA,ANTHOZOA,SCLERACTINIA,ACROPORIDAE,Montipora,verrilli,,,,,"Vaughan, 1907","According to genetics studies by Forsman <em>et al. </em>(2010), this species is similar to <em>Montipora patula</em>."
133306,Astreopora macrostoma,ANIMALIA,CNIDARIA,ANTHOZOA,SCLERACTINIA,ACROPORIDAE,Astreopora,macrostoma,,,,,"Veron &amp; Wallace, 1984","This species was previously considered a junior synonym of&#160;<em>Acropora tenuis</em>&#160;and was resurrected according to Bridge&#160;<em>et al</em>. (2023); however, there is considerable taxonomic uncertainty (Z. Richards pers. comm. 2024)."
133307,Favites rotundata,ANIMALIA,CNIDARIA,ANTHOZOA,SCLERACTINIA,MERULINIDAE,Favites,rotundata,,,,,"Veron Pichon &amp; Wijsman-Best, 1977",
133308,Danafungia scruposa,ANIMALIA,CNIDARIA,ANTHOZOA,SCLERACTINIA,FUNGIIDAE,Danafungia,scruposa,,,,,"(Klunzinger, 1879)",
133309,Pocillopora inflata,ANIMALIA,CNIDARIA,ANTHOZOA,SCLERACTINIA,POCILLOPORIDAE,Pocillopora,inflata,,,,,"Glynn, 1999","For additional taxonomic information, please refer to Reyes-Bonilla <em>et al.</em> (2017). According to Veron <em>et al</em>. (2016), this species is probably a synonym of&#160;<em>Pocillopora damicornis&#160;</em>(Combosch <em>et al</em>. 2008).&#160;It is accepted in the WoRMS online database (accessed February 2023). This species is difficult to identify morphologically (Paz-Garcia <em>et al.</em> 2015)."
133310,Leptoria irregularis,ANIMALIA,CNIDARIA,ANTHOZOA,SCLERACTINIA,MERULINIDAE,Leptoria,irregularis,,,,,"Veron, 1990",
133311,Acropora halmaherae,ANIMALIA,CNIDARIA,ANTHOZOA,SCLERACTINIA,ACROPORIDAE,Acropora,halmaherae,,,,,"Wallace &amp; Wolstenholme, 1998","Veron (2000) synonymized this species with <em>Acropora parilis,</em> but it was reinstated by Veron <em>et al</em>. (2016). This species is valid according to the WoRMS online database (accessed January 2022) and is included in the revision of <em>Acropora </em>species by Wallace <em>et al</em>. (2012)."
133312,Acropora fastigata,ANIMALIA,CNIDARIA,ANTHOZOA,SCLERACTINIA,ACROPORIDAE,Acropora,fastigata,,,,,"Nemenzo, 1967",This species is considered a synonym of <em>Acropora multiacuta</em> by Veron and Hodgson (1989) and Wallace (1999) and is not included in the revision of <em>Acropora </em>species by Wallace <em>et al.</em> (2012). It is valid according to the WoRMS online database (accessed January 2023) and Veron <em>et al</em>. (2016).
133313,Acropora cytherea,ANIMALIA,CNIDARIA,ANTHOZOA,SCLERACTINIA,ACROPORIDAE,Acropora,cytherea,,,,,"(Dana, 1846)",<em>Acropora efflorescens</em> is now a synonym of this species&#160;(WoRMS accessed January 2022). This species is part of a species complex (Veron <em>et al. </em>2016).
133314,Montipora aequituberculata,ANIMALIA,CNIDARIA,ANTHOZOA,SCLERACTINIA,ACROPORIDAE,Montipora,aequituberculata,,,,,"Bernard, 1897",
133315,Acropora monticulosa,ANIMALIA,CNIDARIA,ANTHOZOA,SCLERACTINIA,ACROPORIDAE,Acropora,monticulosa,,,,,"(Brüggemann, 1879)",
133316,Mycedium robokaki,ANIMALIA,CNIDARIA,ANTHOZOA,SCLERACTINIA,MERULINIDAE,Mycedium,robokaki,,,,,"Moll &amp; Best, 1984",
133317,Cycloseris mokai,ANIMALIA,CNIDARIA,ANTHOZOA,SCLERACTINIA,FUNGIIDAE,Cycloseris,mokai,,,,,"(Hoeksema, 1989)",
133318,Acropora torihalimeda,ANIMALIA,CNIDARIA,ANTHOZOA,SCLERACTINIA,ACROPORIDAE,Acropora,torihalimeda,,,,,"Wallace, 1994",
254351183,Acropora horrida,ANIMALIA,CNIDARIA,ANTHOZOA,SCLERACTINIA,ACROPORIDAE,Acropora,horrida,,,,,"(Dana, 1846)",<em>Acropora parilis</em>&#160;and&#160;<em>Acropora sekiseiensis</em>&#160;are&#160;now synonyms of this species&#160;(WoRMS accessed January 2022).
133320,Acropora solitaryensis,ANIMALIA,CNIDARIA,ANTHOZOA,SCLERACTINIA,ACROPORIDAE,Acropora,solitaryensis,,,,,"Veron &amp; Wallace, 1984",
133321,Cyphastrea ocellina,ANIMALIA,CNIDARIA,ANTHOZOA,SCLERACTINIA,MERULINIDAE,Cyphastrea,ocellina,,,,,"(Dana, 1846)",
133322,Acropora dendrum,ANIMALIA,CNIDARIA,ANTHOZOA,SCLERACTINIA,ACROPORIDAE,Acropora,dendrum,,,,,"(Bassett-Smith, 1890)","While currently treated as a valid species, world <em>Acropora </em>expert, Dr. Carden Wallace, describes it as a ‘catch-all’ species representing corymbose plate morphs that do not fit easily with other species, hence further integrated taxonomic investigation may show this species represents a species complex (Z. Richards pers. comm. 2022)."
133323,Coscinaraea monile,ANIMALIA,CNIDARIA,ANTHOZOA,SCLERACTINIA,COSCINARAEIDAE,Coscinaraea,monile,,,,,"(Foskål, 1775)",
254412648,Acropora gemmifera,ANIMALIA,CNIDARIA,ANTHOZOA,SCLERACTINIA,ACROPORIDAE,Acropora,gemmifera,,,,,"(Brook, 1892)",<em>Acropora scherzeriana</em>&#160;is now a synonym of this species&#160;(WoRMS accessed January 2022).
133325,Cyphastrea chalcidicum,ANIMALIA,CNIDARIA,ANTHOZOA,SCLERACTINIA,MERULINIDAE,Cyphastrea,chalcidicum,,,,,"(Forskål, 1775)",
133326,Micromussa regularis,ANIMALIA,CNIDARIA,ANTHOZOA,SCLERACTINIA,LOBOPHYLLIIDAE,Micromussa,regularis,,,,,"Veron, 2002",
133327,Acropora lovelli,ANIMALIA,CNIDARIA,ANTHOZOA,SCLERACTINIA,ACROPORIDAE,Acropora,lovelli,,,,,"Veron &amp; Wallace, 1984",
133329,Porites stephensoni,ANIMALIA,CNIDARIA,ANTHOZOA,SCLERACTINIA,PORITIDAE,Porites,stephensoni,,,,,"Crossland, 1952",
133330,Leptoseris foliosa,ANIMALIA,CNIDARIA,ANTHOZOA,SCLERACTINIA,AGARICIIDAE,Leptoseris,foliosa,,,,,"Dinesen, 1980",
133332,Alveopora allingi,ANIMALIA,CNIDARIA,ANTHOZOA,SCLERACTINIA,ACROPORIDAE,Alveopora,allingi,,,,,"Hoffmeister, 1925",
133333,Oulophyllia bennettae,ANIMALIA,CNIDARIA,ANTHOZOA,SCLERACTINIA,MERULINIDAE,Oulophyllia,bennettae,,,,,"(Veron, Pichon &amp; Wijsman-Best, 1977)",
133334,Acropora branchi,ANIMALIA,CNIDARIA,ANTHOZOA,SCLERACTINIA,ACROPORIDAE,Acropora,branchi,,,,,"Riegl, 1995","The taxonomic status of this species is unresolved according to Wallace (1999) and was not included in a taxonomic revision of <em>Acropora </em>species by Wallace <em>et al. </em>(2012). According to Veron <em>et al.</em> (2016), it is a discrete species and it is accepted in WoRMS (online database accessed January 2022)."
133335,Mycedium steeni,ANIMALIA,CNIDARIA,ANTHOZOA,SCLERACTINIA,MERULINIDAE,Mycedium,steeni,,,,,"Veron, 2000",
133336,Echinopora tiranensis,ANIMALIA,CNIDARIA,ANTHOZOA,SCLERACTINIA,MERULINIDAE,Echinopora,tiranensis,,,,,"Veron Turak &amp; DeVantier, 2000",
133337,Merulina ampliata,ANIMALIA,CNIDARIA,ANTHOZOA,SCLERACTINIA,MERULINIDAE,Merulina,ampliata,,,,,"(Ellis &amp; Solander, 1786)",
254371879,Acropora speciosa,ANIMALIA,CNIDARIA,ANTHOZOA,SCLERACTINIA,ACROPORIDAE,Acropora,speciosa,,,,,"(Quelch, 1886)",<em>Acropora rambleri</em>&#160;is now a synonym of this species&#160;(WoRMS accessed January 2022).
133339,Alveopora ocellata,ANIMALIA,CNIDARIA,ANTHOZOA,SCLERACTINIA,ACROPORIDAE,Alveopora,ocellata,,,,,"Wells, 1954",
133340,Australophyllia wilsoni,ANIMALIA,CNIDARIA,ANTHOZOA,SCLERACTINIA,LOBOPHYLLIIDAE,Australophyllia,wilsoni,,,,,"(Veron, 1985)","This species was previously in <em>Symphyllia</em>, but is now placed in <em>Australophyllia </em>(Arrigoni <em>et al.</em> 2016, Huang<em> et al.</em> 2016)."
133341,Anacropora forbesi,ANIMALIA,CNIDARIA,ANTHOZOA,SCLERACTINIA,ACROPORIDAE,Anacropora,forbesi,,,,,"Ridley, 1884",
133342,Montipora cryptus,ANIMALIA,CNIDARIA,ANTHOZOA,SCLERACTINIA,ACROPORIDAE,Montipora,cryptus,,,,,"Veron, 2000",
133343,Paragoniastrea russelli,ANIMALIA,CNIDARIA,ANTHOZOA,SCLERACTINIA,MERULINIDAE,Paragoniastrea,russelli,,,,,"(Wells, 1954)",
133344,Podabacia sinai,ANIMALIA,CNIDARIA,ANTHOZOA,SCLERACTINIA,FUNGIIDAE,Podabacia,sinai,,,,,"Veron, 2000",
133345,Montipora tuberculosa,ANIMALIA,CNIDARIA,ANTHOZOA,SCLERACTINIA,ACROPORIDAE,Montipora,tuberculosa,,,,,"(Lamarck, 1816)","<em>Montipora tuberculosa</em><span style=""background-color: rgb(255, 255, 255);"">&#160;(Lamarck, 1816) and&#160;</span><em>Porites tuberculosus</em><span style=""background-color: rgb(255, 255, 255);"">&#160;Veron, 2000 are valid and separate species (WoRMS online database accessed March 2022, B. Hoeksema pers. comm. 2022).</span>"
133346,Psammocora albopicta,ANIMALIA,CNIDARIA,ANTHOZOA,SCLERACTINIA,PSAMMOCORIDAE,Psammocora,albopicta,,,,,"Benzoni, 2006","This species has previously been identified as <em>Psammocora superficialis</em> by Carpenter <em>et al</em>. (1997) and Harrison (1998). For additional taxonomic information, please refer to Choi and Song (2015)."
133347,Plerogyra diabolotus,ANIMALIA,CNIDARIA,ANTHOZOA,SCLERACTINIA,PLEROGYRIDAE,Plerogyra,diabolotus,,,,,"Ditlev, 2003","According to Veron <em>et al</em>. (2016), this species is ""unresolved"". It is accepted in the WoRMS online database (accessed February 2023)."
133348,Acropora variolosa,ANIMALIA,CNIDARIA,ANTHOZOA,SCLERACTINIA,ACROPORIDAE,Acropora,variolosa,,,,,"(Klunzinger, 1879)",
133349,Porites compressa,ANIMALIA,CNIDARIA,ANTHOZOA,SCLERACTINIA,PORITIDAE,Porites,compressa,,,,,"Dana, 1846",
133350,Acropora ridzwani,ANIMALIA,CNIDARIA,ANTHOZOA,SCLERACTINIA,ACROPORIDAE,Acropora,ridzwani,,,,,"Ditlev, 2003","<span style=""background-color: white;"">This species is considered 'unresolved' and resembling <em>Acropora tenella</em> according to Veron<em> et al</em>. (2016). It is not included in the revision of <em>Acropora </em>species by Wallace <em>et al</em>. (2012). It is accepted according to the WoRMS online database (accessed January 2023).</span>"
133351,Leptoseris mycetoseroides,ANIMALIA,CNIDARIA,ANTHOZOA,SCLERACTINIA,AGARICIIDAE,Leptoseris,mycetoseroides,,,,,"Wells, 1954",
133352,Acropora gomezi,ANIMALIA,CNIDARIA,ANTHOZOA,SCLERACTINIA,ACROPORIDAE,Acropora,gomezi,,,,,"Veron, 2000","According to Veron <em>et al</em>. (2016), this species is a synonym of <em>Acropora abrolhosensis. </em>It is not considered valid according to the revision of <em>Acropora </em>species by Wallace <em>et al. </em>(2012).<em>&#160;</em>It is accepted according to the WoRMS online database (accessed January 2023)."
133354,Galaxea astreata,ANIMALIA,CNIDARIA,ANTHOZOA,SCLERACTINIA,EUPHYLLIIDAE,Galaxea,astreata,,,,,"(Lamarck, 1816)",
133356,Mycetophyllia ferox,ANIMALIA,CNIDARIA,ANTHOZOA,SCLERACTINIA,FAVIIDAE,Mycetophyllia,ferox,,,,,"Wells, 1973",
133357,Goniopora eclipsensis,ANIMALIA,CNIDARIA,ANTHOZOA,SCLERACTINIA,PORITIDAE,Goniopora,eclipsensis,,,,,"Veron &amp; Pichon, 1982",
133358,Porites napopora,ANIMALIA,CNIDARIA,ANTHOZOA,SCLERACTINIA,PORITIDAE,Porites,napopora,,,,,"Veron, 2000",
133359,Acropora microclados,ANIMALIA,CNIDARIA,ANTHOZOA,SCLERACTINIA,ACROPORIDAE,Acropora,microclados,,,,,"(Ehrenberg, 1834)",
133360,Pavona bipartita,ANIMALIA,CNIDARIA,ANTHOZOA,SCLERACTINIA,AGARICIIDAE,Pavona,bipartita,,,,,"Nemenzo, 1979",
133361,Montipora setosa,ANIMALIA,CNIDARIA,ANTHOZOA,SCLERACTINIA,ACROPORIDAE,Montipora,setosa,,,,,"Nemenzo, 1976",
133363,Mycedium spina,ANIMALIA,CNIDARIA,ANTHOZOA,SCLERACTINIA,MERULINIDAE,Mycedium,spina,,,,,"Ditlev, 2003","<span style=""background-color: white;"">According to Veron <em>et al</em>. (2016), this species is a synonym of <em>Mycedium mancaoi</em>. It is accepted in the WoRMS online database (accessed February 2023).</span>"
133364,Stylaraea punctata,ANIMALIA,CNIDARIA,ANTHOZOA,SCLERACTINIA,PORITIDAE,Stylaraea,punctata,,,,,"(Linneaus, 1758)","For additional taxonomic information, please refer to Kitano <em>et al</em>. (2014)."
133365,Goniastrea edwardsi,ANIMALIA,CNIDARIA,ANTHOZOA,SCLERACTINIA,MERULINIDAE,Goniastrea,edwardsi,,,,,"Chevalier, 1971",
133366,Micromussa lordhowensis,ANIMALIA,CNIDARIA,ANTHOZOA,SCLERACTINIA,LOBOPHYLLIIDAE,Micromussa,lordhowensis,,,,,"(Veron &amp; Pichon, 1982)",
133367,Montipora confusa,ANIMALIA,CNIDARIA,ANTHOZOA,SCLERACTINIA,ACROPORIDAE,Montipora,confusa,,,,,"Nemenzo, 1967",
133368,Goniopora albiconus,ANIMALIA,CNIDARIA,ANTHOZOA,SCLERACTINIA,PORITIDAE,Goniopora,albiconus,,,,,"Veron, 2000",
133369,Echinopora robusta,ANIMALIA,CNIDARIA,ANTHOZOA,SCLERACTINIA,MERULINIDAE,Echinopora,robusta,,,,,"Veron, 2000",
133370,Porites profundus,ANIMALIA,CNIDARIA,ANTHOZOA,SCLERACTINIA,PORITIDAE,Porites,profundus,,,,,"Rehberg, 1892",
133371,Cycloseris distorta,ANIMALIA,CNIDARIA,ANTHOZOA,SCLERACTINIA,FUNGIIDAE,Cycloseris,distorta,,,,,"(Michelin, 1842)",
133372,Polyphyllia novaehiberniae,ANIMALIA,CNIDARIA,ANTHOZOA,SCLERACTINIA,FUNGIIDAE,Polyphyllia,novaehiberniae,,,,,"(Lesson, 1831)",
133373,Orbicella faveolata,ANIMALIA,CNIDARIA,ANTHOZOA,SCLERACTINIA,MERULINIDAE,Orbicella,faveolata,,,,,"(Ellis &amp; Solander, 1786)","<em>Orbicella faveolata</em> was identified as <em>Montastraea annularis</em> until 1994, when ecological, morphological, and molecular studies provided evidence that it was part of a species complex composed of three species: <em>M. annularis</em>, <em>M. faveolata</em> and <em>M. franksi</em> (Weil and Knowlton 1994). Consequently, most studies prior to 1994 do not distinguish between the three species, and information on population is difficult to disaggregate for the three taxa. Later, Budd <em>et al.</em> (2012) separated modern species of the genus <em>Montastraea</em> into three genera: <em>Montastraea</em> de Blainville, 1830 (Atlantic <em>Montastraea cavernosa</em>), <em>Orbicella</em> Dana, 1846 (Atlantic <em>Orbicella annularis</em> complex), and <em>Phymastrea</em> Milne Edwards and Haime, 1848 (Indo-Pacific)."
133374,Micromussa multipunctata,ANIMALIA,CNIDARIA,ANTHOZOA,SCLERACTINIA,LOBOPHYLLIIDAE,Micromussa,multipunctata,,,,,"(Hodgson, 1985)",
133375,Montipora corbettensis,ANIMALIA,CNIDARIA,ANTHOZOA,SCLERACTINIA,ACROPORIDAE,Montipora,corbettensis,,,,,"Veron &amp; Wallace, 1984",
133376,Lobophyllia ishigakiensis,ANIMALIA,CNIDARIA,ANTHOZOA,SCLERACTINIA,LOBOPHYLLIIDAE,Lobophyllia,ishigakiensis,,,,,"(Veron, 1990)",
133377,Pseudodiploria clivosa,ANIMALIA,CNIDARIA,ANTHOZOA,SCLERACTINIA,FAVIIDAE,Pseudodiploria,clivosa,,,,,"(Ellis &amp; Solander, 1786)","In 2012, the genus <em>Diploria</em> was split into two separate genera: <em>Diploria</em>, which consists only of the species <em>Diploria labyrinthiformis</em>; and a new genus, <em>Pseudodiploria</em>, which consists of the species <em>Pseudodiploria strigosa </em>and <em>Pseudodiploria clivosa</em> (Budd <em>et al</em>. 2012)."
133378,Goniopora somaliensis,ANIMALIA,CNIDARIA,ANTHOZOA,SCLERACTINIA,PORITIDAE,Goniopora,somaliensis,,,,,"Vaughan, 1907",This is one of five <em>Goniopora </em>species identified in the Saudi Arabian Red Sea using mitochondrial and nuclear sequences; this is in contrast to the nine traditional species identified based on skeletal macromorphology (Terraneo <em>et al. </em>2016).
133380,Madracis kirbyi,ANIMALIA,CNIDARIA,ANTHOZOA,SCLERACTINIA,POCILLOPORIDAE,Madracis,kirbyi,,,,,"Veron &amp; Pichon, 1976",
133381,Acropora cervicornis,ANIMALIA,CNIDARIA,ANTHOZOA,SCLERACTINIA,ACROPORIDAE,Acropora,cervicornis,,,,,"(Lamarck, 1816)",
133382,Pavona explanulata,ANIMALIA,CNIDARIA,ANTHOZOA,SCLERACTINIA,AGARICIIDAE,Pavona,explanulata,,,,,"(Lamarck, 1816)",
133383,Dipsastraea laddi,ANIMALIA,CNIDARIA,ANTHOZOA,SCLERACTINIA,MERULINIDAE,Dipsastraea,laddi,,,,,"(Wells, 1954)",
133384,Cantharellus noumeae,ANIMALIA,CNIDARIA,ANTHOZOA,SCLERACTINIA,FUNGIIDAE,Cantharellus,noumeae,,,,,"Hoeksema &amp; Best, 1984",
133386,Acanthastrea rotundoflora,ANIMALIA,CNIDARIA,ANTHOZOA,SCLERACTINIA,LOBOPHYLLIIDAE,Acanthastrea,rotundoflora,,,,,"Chevalier, 1975",
133387,Acropora globiceps,ANIMALIA,CNIDARIA,ANTHOZOA,SCLERACTINIA,ACROPORIDAE,Acropora,globiceps,,,,,"(Dana, 1846)",
133389,Siderastrea siderea,ANIMALIA,CNIDARIA,ANTHOZOA,SCLERACTINIA,RHIZANGIIDAE,Siderastrea,siderea,,,,,Ellis and Solander 1786,<em>Siderastrea glynni</em> is a subjective junior synonym of this species (Glynn <em>et al. </em>2016).
133390,Seriatopora hystrix,ANIMALIA,CNIDARIA,ANTHOZOA,SCLERACTINIA,POCILLOPORIDAE,Seriatopora,hystrix,,,,,"Dana, 1846",
133391,Goniopora burgosi,ANIMALIA,CNIDARIA,ANTHOZOA,SCLERACTINIA,PORITIDAE,Goniopora,burgosi,,,,,"Nemenzo, 1955",
133392,Dipsastraea laxa,ANIMALIA,CNIDARIA,ANTHOZOA,SCLERACTINIA,MERULINIDAE,Dipsastraea,laxa,,,,,"(Klunzinger, 1879)",
133393,Acropora teres,ANIMALIA,CNIDARIA,ANTHOZOA,SCLERACTINIA,ACROPORIDAE,Acropora,teres,,,,,"(Verrill, 1866)","According to the WoRMS online database (accessed January 2023), the taxonomic validity of this species is uncertain or disputed by different experts. Wallace (1999) reported this species as 'unresolved' and it was not included in the revision of <em>Acropora </em>species by Wallace <em>et al.</em> (2012). According to Veron (2000) and Veron <em>et al</em>. (2016), it is valid. Further integrated phylogeographic or population genetic study may reveal this to be a distinct species and further taxonomic research is warranted (Z. Richards pers. comm. 2022)."
133394,Acropora loisetteae,ANIMALIA,CNIDARIA,ANTHOZOA,SCLERACTINIA,ACROPORIDAE,Acropora,loisetteae,,,,,"Wallace, 1994",
133395,Porites porites,ANIMALIA,CNIDARIA,ANTHOZOA,SCLERACTINIA,PORITIDAE,Porites,porites,,,,,"Pallas, 1766",
133396,Acropora desalwii,ANIMALIA,CNIDARIA,ANTHOZOA,SCLERACTINIA,ACROPORIDAE,Acropora,desalwii,,,,,"Wallace, 1994",
133397,Cycloseris somervillei,ANIMALIA,CNIDARIA,ANTHOZOA,SCLERACTINIA,FUNGIIDAE,Cycloseris,somervillei,,,,,"(Gardiner, 1909)",This species is often confused with <em>Fungia moluccensis</em>.
133398,Pavona varians,ANIMALIA,CNIDARIA,ANTHOZOA,SCLERACTINIA,AGARICIIDAE,Pavona,varians,,,,,"Verrill, 1864",This species is likely multiple species (Lewis pers comm. 2023).
133399,Porites okinawensis,ANIMALIA,CNIDARIA,ANTHOZOA,SCLERACTINIA,PORITIDAE,Porites,okinawensis,,,,,"Veron, 1990","The mitochondrial sequence of this species is strikingly similar to <em>Porites lobata</em>, indicating the necessity for further systematic work to resolve phylogenetic relationships in the genus <em>Porites</em> (Tisthammer <em>et al</em>. 2016)."
133400,Eusmilia fastigiata,ANIMALIA,CNIDARIA,ANTHOZOA,SCLERACTINIA,MEANDRINIDAE,Eusmilia,fastigiata,,,,,"(Pallas, 1766)",
133401,Acropora hoeksemai,ANIMALIA,CNIDARIA,ANTHOZOA,SCLERACTINIA,ACROPORIDAE,Acropora,hoeksemai,,,,,"Wallace, 1997",
133402,Acropora squarrosa,ANIMALIA,CNIDARIA,ANTHOZOA,SCLERACTINIA,ACROPORIDAE,Acropora,squarrosa,,,,,"(Ehrenberg, 1834)",<em>Acropora maryae</em> is now a synonym of this species&#160;(WoRMS accessed January 2022). Please refer to Veron <em>et al. </em>(2016) for additional information related to past taxonomic confusion.
133403,Turbinaria stellulata,ANIMALIA,CNIDARIA,ANTHOZOA,SCLERACTINIA,DENDROPHYLLIIDAE,Turbinaria,stellulata,,,,,"(Lamarck, 1816)",
133404,Montipora samarensis,ANIMALIA,CNIDARIA,ANTHOZOA,SCLERACTINIA,ACROPORIDAE,Montipora,samarensis,,,,,"Nemenzo, 1967",
133405,Astraeosmilia tumida,ANIMALIA,CNIDARIA,ANTHOZOA,SCLERACTINIA,MERULINIDAE,Astraeosmilia,tumida,,,,,"(Matthai, 1928)",
133406,Psammocora haimiana,ANIMALIA,CNIDARIA,ANTHOZOA,SCLERACTINIA,PSAMMOCORIDAE,Psammocora,haimiana,,,,,Milne Edwards &amp; Haime 1851,"This species was synonymized with <em>Psammocora profundacella</em> (Benzoni <em>et al</em>. 2010); however, this synonymy remains uncertain (Veron <em>et al</em>. 2016)."
133408,Cycloseris wellsi,ANIMALIA,CNIDARIA,ANTHOZOA,SCLERACTINIA,FUNGIIDAE,Cycloseris,wellsi,,,,,"(Veron &amp; Pichon, 1980)","For additional taxonomic information, please refer to Benzoni <em>et al</em>. (2012)."
133409,Montipora verruculosa,ANIMALIA,CNIDARIA,ANTHOZOA,SCLERACTINIA,ACROPORIDAE,Montipora,verruculosa,,,,,"Veron, 2000",
133410,Pachyseris speciosa,ANIMALIA,CNIDARIA,ANTHOZOA,SCLERACTINIA,NOT ASSIGNED,Pachyseris,speciosa,,,,,"(Dana, 1846)","The&#160;<em>Pachyseris&#160;</em>genus appears to be closely related to Euphylliidae, but family placement remains uncertain (Terraneo&#160;<em>et al</em>. 2014, WoRMS online database accessed July 2022)."
254420754,Homophyllia bowerbanki,ANIMALIA,CNIDARIA,ANTHOZOA,SCLERACTINIA,LOBOPHYLLIIDAE,Homophyllia,bowerbanki,,,,,"(Milne Edwards &amp; Haime, 1851)","<em>Acanthastrea hillae</em>&#160;is a junior synonym of this species (D. Huang pers. comm. 2021, WoRMS database accessed January 2022)."
133412,Gyrosmilia interrupta,ANIMALIA,CNIDARIA,ANTHOZOA,SCLERACTINIA,EUPHYLLIIDAE,Gyrosmilia,interrupta,,,,,"(Ehrenberg, 1834)",
133413,Cynarina lacrymalis,ANIMALIA,CNIDARIA,ANTHOZOA,SCLERACTINIA,LOBOPHYLLIIDAE,Cynarina,lacrymalis,,,,,"(Milne Edwards &amp; Haime, 1848)",
133414,Goniastrea pectinata,ANIMALIA,CNIDARIA,ANTHOZOA,SCLERACTINIA,MERULINIDAE,Goniastrea,pectinata,,,,,"(Ehrenberg, 1834)",
133415,Anacropora puertogalerae,ANIMALIA,CNIDARIA,ANTHOZOA,SCLERACTINIA,ACROPORIDAE,Anacropora,puertogalerae,,,,,"Nemenzo, 1964",
133416,Montipora circumvallata,ANIMALIA,CNIDARIA,ANTHOZOA,SCLERACTINIA,ACROPORIDAE,Montipora,circumvallata,,,,,"(Ehrenberg, 1834)",
133417,Caulastraea furcata,ANIMALIA,CNIDARIA,ANTHOZOA,SCLERACTINIA,MERULINIDAE,Caulastraea,furcata,,,,,"Dana, 1846",
133418,Lithophyllon concinna,ANIMALIA,CNIDARIA,ANTHOZOA,SCLERACTINIA,FUNGIIDAE,Lithophyllon,concinna,,,,,"(Verrill, 1864)","For additional taxonomic information, please see Hoeksema (1989) and Gittenberger <em>et al</em>. (2011)."
133419,Lobophyllia hemprichii,ANIMALIA,CNIDARIA,ANTHOZOA,SCLERACTINIA,LOBOPHYLLIIDAE,Lobophyllia,hemprichii,,,,,"(Ehrenberg, 1834)","The Lobophylliidae family is a monophyletic group of ‘robust’ corals, with the genus <em>Lobophyllia </em>reclassed as a molecular subclade (Arrigoni <em>et al.</em> 2014, Huang <em>et al.</em> 2016)."
133420,Montipora grisea,ANIMALIA,CNIDARIA,ANTHOZOA,SCLERACTINIA,ACROPORIDAE,Montipora,grisea,,,,,"Bernard, 1897",
133422,Montipora capricornis,ANIMALIA,CNIDARIA,ANTHOZOA,SCLERACTINIA,ACROPORIDAE,Montipora,capricornis,,,,,"Veron, 1985",
133423,Danafungia horrida,ANIMALIA,CNIDARIA,ANTHOZOA,SCLERACTINIA,FUNGIIDAE,Danafungia,horrida,,,,,"(Dana, 1846)",
133424,Leptastrea inaequalis,ANIMALIA,CNIDARIA,ANTHOZOA,SCLERACTINIA,LEPTASTREIDAE,Leptastrea,inaequalis,,,,,"Klunzinger, 1879",
133425,Solenastrea hyades,ANIMALIA,CNIDARIA,ANTHOZOA,SCLERACTINIA,NOT ASSIGNED,Solenastrea,hyades,,,,,"(Dana, 1846)",
133426,Dipsastraea danai,ANIMALIA,CNIDARIA,ANTHOZOA,SCLERACTINIA,MERULINIDAE,Dipsastraea,danai,,,,,"(Milne Edwards &amp; Haime, 1857)",
133427,Acropora simplex,ANIMALIA,CNIDARIA,ANTHOZOA,SCLERACTINIA,ACROPORIDAE,Acropora,simplex,,,,,"Wallace &amp; Wolstenholme, 1998",
133428,Psammocora columna,ANIMALIA,CNIDARIA,ANTHOZOA,SCLERACTINIA,PSAMMOCORIDAE,Psammocora,columna,,,,,"Dana, 1846",This species' name is <em>Coscinaraea columna</em> according to Veron <em>et al</em>. (2016). It is valid as <em>Psammocora columna</em> according to the WoRMS online database (accessed March 2023).
133429,Echinopora horrida,ANIMALIA,CNIDARIA,ANTHOZOA,SCLERACTINIA,MERULINIDAE,Echinopora,horrida,,,,,"Dana, 1846",
133430,Porites heronensis,ANIMALIA,CNIDARIA,ANTHOZOA,SCLERACTINIA,PORITIDAE,Porites,heronensis,,,,,"Veron, 1985",
133431,Heterocyathus aequicostatus,ANIMALIA,CNIDARIA,ANTHOZOA,SCLERACTINIA,CARYOPHYLLIIDAE,Heterocyathus,aequicostatus,,,,,"Milne Edwards &amp; Haime, 1848","The type species of <em>Heterocyathus</em>, is a species complex according to Veron <em>et al</em>. (2016)."
133432,Acropora spicifera,ANIMALIA,CNIDARIA,ANTHOZOA,SCLERACTINIA,ACROPORIDAE,Acropora,spicifera,,,,,"(Dana, 1846)",
133433,Montipora crassituberculata,ANIMALIA,CNIDARIA,ANTHOZOA,SCLERACTINIA,ACROPORIDAE,Montipora,crassituberculata,,,,,"Bernard, 1897",
133434,Montipora mactanensis,ANIMALIA,CNIDARIA,ANTHOZOA,SCLERACTINIA,ACROPORIDAE,Montipora,mactanensis,,,,,"Nemenzo, 1979",
133435,Seriatopora dendritica,ANIMALIA,CNIDARIA,ANTHOZOA,SCLERACTINIA,POCILLOPORIDAE,Seriatopora,dendritica,,,,,"Veron, 2002","<span style=""background-color: yellow;"">Attention RLU: Please change the name and taxonomic authority of this species from&#160;</span><span style=""font-style: italic; background-color: yellow;"">Seriatopora dentritica&#160;</span><span style=""background-color: yellow;"">Veron, 2002</span><span style=""background-color: yellow;"">&#160;to&#160;</span><span style=""font-style: italic; background-color: yellow;"">Seriatopora dentritica&#160;</span><span style=""background-color: yellow;"">Veron, 2000</span><span style=""background-color: yellow;"">. The reference is WoRMS:&#160;<a href=""http://www.marinespecies.org/aphia.php?p=taxdetails&amp;id=288066"">http://www.marinespecies.org/aphia.php?p=taxdetails&amp;id=288066</a>. C. Linardich 5Jan2022</span>"
133437,Pleuractis moluccensis,ANIMALIA,CNIDARIA,ANTHOZOA,SCLERACTINIA,FUNGIIDAE,Pleuractis,moluccensis,,,,,"(Horst, 1919)",
133438,Montipora foveolata,ANIMALIA,CNIDARIA,ANTHOZOA,SCLERACTINIA,ACROPORIDAE,Montipora,foveolata,,,,,"(Dana, 1846)",
133439,Agaricia tenuifolia,ANIMALIA,CNIDARIA,ANTHOZOA,SCLERACTINIA,AGARICIIDAE,Agaricia,tenuifolia,,,,,"Dana, 1848",
133440,Platygyra pini,ANIMALIA,CNIDARIA,ANTHOZOA,SCLERACTINIA,MERULINIDAE,Platygyra,pini,,,,,"Chevalier, 1975",
133441,Acropora walindii,ANIMALIA,CNIDARIA,ANTHOZOA,SCLERACTINIA,ACROPORIDAE,Acropora,walindii,,,,,"Wallace, 1999",
133442,Oxypora lacera,ANIMALIA,CNIDARIA,ANTHOZOA,SCLERACTINIA,LOBOPHYLLIIDAE,Oxypora,lacera,,,,,"(Verrill, 1864)","For additional taxonomic information, please refer to Arrigoni <em>et al</em>. (2016)."
133443,Montipora australiensis,ANIMALIA,CNIDARIA,ANTHOZOA,SCLERACTINIA,ACROPORIDAE,Montipora,australiensis,,,,,"Bernard, 1897","According to Veron<em>&#160;et al.</em>&#160;(2016), occurrences in the western Indian Ocean may represent a separate species."
133444,Oculina valenciennesi,ANIMALIA,CNIDARIA,ANTHOZOA,SCLERACTINIA,OCULINIDAE,Oculina,valenciennesi,,,,,"Milne Edwards &amp; Haime, 1850",
133445,Porites harrisoni,ANIMALIA,CNIDARIA,ANTHOZOA,SCLERACTINIA,PORITIDAE,Porites,harrisoni,,,,,"Veron, 2000","The complete mitochondrial genome of this species has been sequenced (Terranao <em>et al</em>. 2018). Genome length consisted of 18,630 bp, with a base composition of 25.92% A, 13.28% T, 23.06% G, and 37.73% C. Consistent with other hard corals, this species' mitogenome was arranged in 13 protein-coding genes, 2 rRNA, and 2 tRNA genes. <em>nad</em>5 and <em>cox</em>1 contained embedded Group I Introns of 11,133 bp and 965 bp, respectively."
133446,Astrangia poculata,ANIMALIA,CNIDARIA,ANTHOZOA,SCLERACTINIA,ASTRANGIIDAE,Astrangia,poculata,,,,,"(Ellis &amp; Solander, 1786)",
133447,Echinopora taylorae,ANIMALIA,CNIDARIA,ANTHOZOA,SCLERACTINIA,MERULINIDAE,Echinopora,taylorae,,,,,"(Veron, 2000)","This species was described as <em>Echinophyllia taylorae</em> in 2000, but moved to <em>Echinopora</em> in 2002 (Veron 2002)."
133448,Goniopora columna,ANIMALIA,CNIDARIA,ANTHOZOA,SCLERACTINIA,PORITIDAE,Goniopora,columna,,,,,"Dana, 1846","The mitochondrial genome of this species shares 93.7% with the Dendrophylliidae species, <em>Turbinaria peltata</em> (Shi <em>et al.</em> 2016)."
133449,Acropora haimei,ANIMALIA,CNIDARIA,ANTHOZOA,SCLERACTINIA,ACROPORIDAE,Acropora,haimei,,,,,"(Milne Edwards, 1860)","According to the WoRMS online database (accessed January 2023), the taxonomic validity of this species is uncertain or disputed by different experts. It is valid according to Veron <em>et al</em>. (2016). It is considered 'unresolved' by Wallace (1999) and was not included in the revision of <em>Acropora </em>species by Wallace<em> et al</em>. (2012). The status of this species remains unresolved (Z. Richards pers. comm. 2021)."
133450,Montipora turtlensis,ANIMALIA,CNIDARIA,ANTHOZOA,SCLERACTINIA,ACROPORIDAE,Montipora,turtlensis,,,,,"Veron &amp; Wallace, 1984",
133451,Montipora danae,ANIMALIA,CNIDARIA,ANTHOZOA,SCLERACTINIA,ACROPORIDAE,Montipora,danae,,,,,"Milne Edwards &amp; Haime, 1851",
254266197,Coelastrea aspera,ANIMALIA,CNIDARIA,ANTHOZOA,SCLERACTINIA,MERULINIDAE,Coelastrea,aspera,,,,,"(Verrill, 1866)",This species has been split into <em>Coelastrea aspera</em> and <em>C. incrustans</em> (Mitsuki <em>et al</em>. 2021).
133453,Pachyseris rugosa,ANIMALIA,CNIDARIA,ANTHOZOA,SCLERACTINIA,NOT ASSIGNED,Pachyseris,rugosa,,,,,"(Lamarck, 1801)","This species is part of a complex (Veron <em>et al</em>. 2016). The&#160;<em>Pachyseris&#160;</em>genus appears to be closely related to Euphylliidae, but family placement remains uncertain (Terraneo&#160;<em>et al</em>. 2014, WoRMS online database accessed July 2022)."
133454,Montipora pachytuberculata,ANIMALIA,CNIDARIA,ANTHOZOA,SCLERACTINIA,ACROPORIDAE,Montipora,pachytuberculata,,,,,"Veron DeVantier &amp; Turak, 2000",
133455,Pavona xarifae,ANIMALIA,CNIDARIA,ANTHOZOA,SCLERACTINIA,AGARICIIDAE,Pavona,xarifae,,,,,"Scheer &amp; Pillai, 1974","According to Veron <em>et al.</em> (2016), this species is&#160;a synonym of&#160;<em>Pavona duerdeni</em>. It is valid according to the WoRMS online database (accessed February 2023)."
133456,Physogyra lichtensteini,ANIMALIA,CNIDARIA,ANTHOZOA,SCLERACTINIA,PLEROGYRIDAE,Physogyra,lichtensteini,,,,,"(Milne Edwards &amp; Haime, 1851)",
133457,Mussa angulosa,ANIMALIA,CNIDARIA,ANTHOZOA,SCLERACTINIA,FAVIIDAE,Mussa,angulosa,,,,,(Pallas 1766),
133458,Hydnophora microconos,ANIMALIA,CNIDARIA,ANTHOZOA,SCLERACTINIA,MERULINIDAE,Hydnophora,microconos,,,,,"(Lamarck, 1816)",
133459,Goniopora lobata,ANIMALIA,CNIDARIA,ANTHOZOA,SCLERACTINIA,PORITIDAE,Goniopora,lobata,,,,,"Milne Edwards, 1860",The genetic structure of the complex between this species and <em>Goniopora djiboutiensis</em> is better explained by oceanography than by morphological characteristics (Yasuda <em>et al</em>. 2021).
133460,Montipora cocosensis,ANIMALIA,CNIDARIA,ANTHOZOA,SCLERACTINIA,ACROPORIDAE,Montipora,cocosensis,,,,,"Vaughan, 1918","According to Veron <em>et al.</em> (2016), this species is probably a synonym of <em>Montipora angulata</em>. It is accepted according to the WoRMS online database (accessed January 2023)."
133461,Meandrina brasiliensis,ANIMALIA,CNIDARIA,ANTHOZOA,SCLERACTINIA,MEANDRINIDAE,Meandrina,brasiliensis,,,,,"(Milne Edwards &amp; Haime, 1858)","The validity of this species is confirmed (Pinzón and Weil 2011, WoRMS database accessed January 2022)."
133462,Acropora rongelapensis,ANIMALIA,CNIDARIA,ANTHOZOA,SCLERACTINIA,ACROPORIDAE,Acropora,rongelapensis,,,,,"Richards &amp; Wallace, 2004",
133463,Acropora aculeus,ANIMALIA,CNIDARIA,ANTHOZOA,SCLERACTINIA,ACROPORIDAE,Acropora,aculeus,,,,,(Dana 1846),
133464,Alveopora excelsa,ANIMALIA,CNIDARIA,ANTHOZOA,SCLERACTINIA,ACROPORIDAE,Alveopora,excelsa,,,,,"Verrill, 1864",
133465,Plerogyra multilobata,ANIMALIA,CNIDARIA,ANTHOZOA,SCLERACTINIA,PLEROGYRIDAE,Plerogyra,multilobata,,,,,"Ditlev, 2003",This is an unresolved species according to Veron <em>et al.</em> (2016). It is an accepted species according to the WoRMS online database (accessed March 2023).
133467,Alveopora minuta,ANIMALIA,CNIDARIA,ANTHOZOA,SCLERACTINIA,ACROPORIDAE,Alveopora,minuta,,,,,"Veron, 2000",
133468,Platygyra daedalea,ANIMALIA,CNIDARIA,ANTHOZOA,SCLERACTINIA,MERULINIDAE,Platygyra,daedalea,,,,,"(Ellis &amp; Solander, 1786)",
133469,Acropora downingi,ANIMALIA,CNIDARIA,ANTHOZOA,SCLERACTINIA,ACROPORIDAE,Acropora,downingi,,,,,"Wallace, 1999",This species is sometimes confused with the similar <em>Acropora clathrata</em> (Riegl <em>et al</em>. 2012).
133470,Micromussa amakusensis,ANIMALIA,CNIDARIA,ANTHOZOA,SCLERACTINIA,LOBOPHYLLIIDAE,Micromussa,amakusensis,,,,,"(Veron, 1990)",
133471,Acropora bushyensis,ANIMALIA,CNIDARIA,ANTHOZOA,SCLERACTINIA,ACROPORIDAE,Acropora,bushyensis,,,,,"Veron &amp; Wallace, 1984",
133472,Isopora crateriformis,ANIMALIA,CNIDARIA,ANTHOZOA,SCLERACTINIA,ACROPORIDAE,Isopora,crateriformis,,,,,"(Gardiner, 1898)",The genus <i>Isopora</i> was previously a subgenus but was elevated (Wallace <i>et al</i>. 2007).
133473,Merulina cylindrica,ANIMALIA,CNIDARIA,ANTHOZOA,SCLERACTINIA,MERULINIDAE,Merulina,cylindrica,,,,,"(Milne Edwards &amp; Haime, 1848)",
133474,Lobophyllia agaricia,ANIMALIA,CNIDARIA,ANTHOZOA,SCLERACTINIA,LOBOPHYLLIIDAE,Lobophyllia,agaricia,,,,,"(Milne Edwards &amp; Haime, 1849)",This species is readily separated from other <em>Symphyllia</em> in situ. Collected specimens often do not have the diagnostic two rows of columellae centres (I. Nunez pers. comm. 2022).
133476,Madracis asperula,ANIMALIA,CNIDARIA,ANTHOZOA,SCLERACTINIA,POCILLOPORIDAE,Madracis,asperula,,,,,"Milne Edwards &amp; Haime, 1849","There is no major taxonomic uncertainty associated with this species (J. Crabbe, D. Huang, N. Santodomingo pers. comm. 2021). Some previous authors have identified <em>Madracis auretenra</em> as <em>M. asperula</em> (e.g. Lewis 1960)."
133477,Mussismilia leptophylla,ANIMALIA,CNIDARIA,ANTHOZOA,SCLERACTINIA,FAVIIDAE,Mussismilia,leptophylla,,,,,"(Verrill, 1868)","While species level distinction has been long accepted, <em>Favia leptophylla</em> was recently transferred to the genus <em>Mussismilia </em>based on phylogenetic (Fukami <em>et al</em>. 2004, Nunes <em>et al</em>. 2008) and micromorphological data (Budd <em>et al</em>. 2012)."
133478,Hydnophora exesa,ANIMALIA,CNIDARIA,ANTHOZOA,SCLERACTINIA,MERULINIDAE,Hydnophora,exesa,,,,,"(Pallas, 1766)",
218764304,Acropora hyacinthus,ANIMALIA,CNIDARIA,ANTHOZOA,SCLERACTINIA,ACROPORIDAE,Acropora,hyacinthus,,,,,"(Dana, 1846)",<em>Acropora bifurcata</em> is now a synonym of this species (WoRMS accessed January 2022).
133480,Acropora natalensis,ANIMALIA,CNIDARIA,ANTHOZOA,SCLERACTINIA,ACROPORIDAE,Acropora,natalensis,,,,,"Riegl, 1995","The taxonomic status of this species is somewhat uncertain since Wallace (1999) considered it unresolved and that it may be a synonym of&#160;<em>Acropora solitaryensis</em>, and it was not included in the revision of <em>Acropora </em>species by Wallace <em>et al.</em> (2012). According to Veron (2000) and Veron <em>et al</em>. (2016), this species is valid.&#160; It is accepted according to the WoRMS online database (accessed January 2023)."
133481,Acropora chesterfieldensis,ANIMALIA,CNIDARIA,ANTHOZOA,SCLERACTINIA,ACROPORIDAE,Acropora,chesterfieldensis,,,,,"Veron &amp; Wallace, 1984",
133482,Alveopora spongiosa,ANIMALIA,CNIDARIA,ANTHOZOA,SCLERACTINIA,ACROPORIDAE,Alveopora,spongiosa,,,,,"Dana, 1846","<span style=""background-color: white;"">For additional taxonomic information, please see Cairns<em> et al</em>. (2009).</span>"
133483,Acropora mirabilis,ANIMALIA,CNIDARIA,ANTHOZOA,SCLERACTINIA,ACROPORIDAE,Acropora,mirabilis,,,,,"(Quelch, 1886)","According to the WoRMS online database (accessed January 2023), the taxonomic validity of this species is uncertain or disputed by different experts. According to Veron<em> et al.</em> (2016), this species is distinct. According to Wallace (1999), this species is questionable and it is not included in the revision of <em>Acropora </em>species by Wallace <em>et al</em>. (2012)."
133484,Anomastraea irregularis,ANIMALIA,CNIDARIA,ANTHOZOA,SCLERACTINIA,COSCINARAEIDAE,Anomastraea,irregularis,,,,,"Marenzeller, 1901",
133485,Astreopora randalli,ANIMALIA,CNIDARIA,ANTHOZOA,SCLERACTINIA,ACROPORIDAE,Astreopora,randalli,,,,,"Lamberts, 1980",
133486,Porites horizontalata,ANIMALIA,CNIDARIA,ANTHOZOA,SCLERACTINIA,PORITIDAE,Porites,horizontalata,,,,,"Hoffmeister, 1925",
133487,Echinopora grandicula,ANIMALIA,CNIDARIA,ANTHOZOA,SCLERACTINIA,MERULINIDAE,Echinopora,grandicula,,,,,"Claereboudt, 2006","Although this nominal species appears in Claereboudt (2006), a full description of this species has not yet been formally published and no holotype was designated. As such, it is considered a&#160;<em>nomen nudum</em>&#160;and warrants redescription (Veron&#160;<em>et al</em>. 2016, Hoeksema and Cairns 2019,&#160;WoRMS database accessed 5 January 2022)."
133488,Pectinia africana,ANIMALIA,CNIDARIA,ANTHOZOA,SCLERACTINIA,MERULINIDAE,Pectinia,africana,,,,,"Veron, 2002",
133489,Montipora delicatula,ANIMALIA,CNIDARIA,ANTHOZOA,SCLERACTINIA,ACROPORIDAE,Montipora,delicatula,,,,,"Veron, 2000",
133490,Sclerophyllia maxima,ANIMALIA,CNIDARIA,ANTHOZOA,SCLERACTINIA,LOBOPHYLLIIDAE,Sclerophyllia,maxima,,,,,"(Sheppard &amp; Salm, 1988)",
133491,Oulophyllia levis,ANIMALIA,CNIDARIA,ANTHOZOA,SCLERACTINIA,MERULINIDAE,Oulophyllia,levis,,,,,"(Nemenzo, 1959)",
133492,Porites rus,ANIMALIA,CNIDARIA,ANTHOZOA,SCLERACTINIA,PORITIDAE,Porites,rus,,,,,"(Forskål, 1775)","This represents a species complex which is likely to be divisible into several cryptic species. The species <em>irregularis</em> has been used with three related genera, <em>Porites</em>, <em>Napopora</em> and <em>Synaraea</em>. <em>Porites irregularis</em> Verrill (1864) is not recognisable from the original description. The <em>Porites irregularis</em> of Vaughan (1907), Nemenzo (1955) and Maragos (1977) is this species. <em>Napopora irregularis</em> Quelch (1884) (illustrated by Bosserelle, Berteaux-Lecellier, Chancerelle <em>et al</em>. 2014) is currently under review but is likely to be accepted as a valid species."
133493,Platygyra ryukyuensis,ANIMALIA,CNIDARIA,ANTHOZOA,SCLERACTINIA,MERULINIDAE,Platygyra,ryukyuensis,,,,,"Yabe &amp; Sugiyama, 1935",
133494,Acropora papillare,ANIMALIA,CNIDARIA,ANTHOZOA,SCLERACTINIA,ACROPORIDAE,Acropora,papillare,,,,,"Latypov, 1992",
133495,Galaxea horrescens,ANIMALIA,CNIDARIA,ANTHOZOA,SCLERACTINIA,EUPHYLLIIDAE,Galaxea,horrescens,,,,,"(Dana, 1846)",
133496,Porites cylindrica,ANIMALIA,CNIDARIA,ANTHOZOA,SCLERACTINIA,PORITIDAE,Porites,cylindrica,,,,,"Dana, 1846",
133497,Caulastraea echinulata,ANIMALIA,CNIDARIA,ANTHOZOA,SCLERACTINIA,MERULINIDAE,Caulastraea,echinulata,,,,,"(Milne Edwards &amp; Haime, 1849)",
133498,Duncanopsammia peltata,ANIMALIA,CNIDARIA,ANTHOZOA,SCLERACTINIA,DENDROPHYLLIIDAE,Duncanopsammia,peltata,,,,,"(Esper, 1790)",
133499,Porites cocosensis,ANIMALIA,CNIDARIA,ANTHOZOA,SCLERACTINIA,PORITIDAE,Porites,cocosensis,,,,,"Wells, 1950",
133500,Acropora kosurini,ANIMALIA,CNIDARIA,ANTHOZOA,SCLERACTINIA,ACROPORIDAE,Acropora,kosurini,,,,,"Wallace, 1994",
133501,Alveopora gigas,ANIMALIA,CNIDARIA,ANTHOZOA,SCLERACTINIA,ACROPORIDAE,Alveopora,gigas,,,,,"Veron, 1985",
133503,Fungia fungites,ANIMALIA,CNIDARIA,ANTHOZOA,SCLERACTINIA,FUNGIIDAE,Fungia,fungites,,,,,"(Linneaus, 1758)","Recent molecular and reproductive evidence suggest that this is a species complex that conceals cryptic species, thus requiring further taxonomic evaluation (Oku&#160;<em>et al</em>. 2020, Grinblat&#160;<em>et al.</em>&#160;2021). For additional taxonomic information, please refer to Gittenberger&#160;<em>et al</em>. (2011) and Oku&#160;<em>et al.&#160;</em>(2020)."
133504,Porites furcata,ANIMALIA,CNIDARIA,ANTHOZOA,SCLERACTINIA,PORITIDAE,Porites,furcata,,,,,"Lamarck, 1816","There is discussion about species distinctions among&#160;<em>Porties porites</em>&#160;-&#160;<em>Porites furcata</em>&#160;-&#160;<em>Porites divaricata,</em>&#160;whether these species represent morphological variants of one diverse species or distinct species. It is suggested that genetic variation among these putative species occur along geographic gradients rather than taxonomy (Prada&#160;<em>et al</em>. 2014)."
133505,Montipora taiwanensis,ANIMALIA,CNIDARIA,ANTHOZOA,SCLERACTINIA,ACROPORIDAE,Montipora,taiwanensis,,,,,"Veron, 2000",
133506,Cyphastrea hexasepta,ANIMALIA,CNIDARIA,ANTHOZOA,SCLERACTINIA,MERULINIDAE,Cyphastrea,hexasepta,,,,,"Veron Turak &amp; DeVantier, 2000",
133508,Platygyra acuta,ANIMALIA,CNIDARIA,ANTHOZOA,SCLERACTINIA,MERULINIDAE,Platygyra,acuta,,,,,"Veron, 2000",
133509,Podabacia motuporensis,ANIMALIA,CNIDARIA,ANTHOZOA,SCLERACTINIA,FUNGIIDAE,Podabacia,motuporensis,,,,,"Veron, 1990",
133510,Dipsastraea lizardensis,ANIMALIA,CNIDARIA,ANTHOZOA,SCLERACTINIA,MERULINIDAE,Dipsastraea,lizardensis,,,,,"(Veron &amp; Pichon, 1977)",
133511,Oculina patagonica,ANIMALIA,CNIDARIA,ANTHOZOA,SCLERACTINIA,OCULINIDAE,Oculina,patagonica,,,,,"de Angelis D'Ossat, 1908",
133512,Porites sverdrupi,ANIMALIA,CNIDARIA,ANTHOZOA,SCLERACTINIA,PORITIDAE,Porites,sverdrupi,,,,,"Durham, 1947",This species was previously considered an ecotype of <em>Porites panamensis</em> but is now valid as a separate species (López-Pérez&#160;<em>et al</em>. 2003).
133513,Acropora anthocercis,ANIMALIA,CNIDARIA,ANTHOZOA,SCLERACTINIA,ACROPORIDAE,Acropora,anthocercis,,,,,"(Brook, 1893)",
133515,Goniastrea ramosa,ANIMALIA,CNIDARIA,ANTHOZOA,SCLERACTINIA,MERULINIDAE,Goniastrea,ramosa,,,,,"Veron, 2000","For additional taxonomic information, please refer to Huang&#160;<em>et al</em>. (2014)."
133516,Dipsastraea truncata,ANIMALIA,CNIDARIA,ANTHOZOA,SCLERACTINIA,MERULINIDAE,Dipsastraea,truncata,,,,,"(Veron, 2000)",
133517,Lithophyllon ranjithi,ANIMALIA,CNIDARIA,ANTHOZOA,SCLERACTINIA,FUNGIIDAE,Lithophyllon,ranjithi,,,,,"Ditlev, 2003","This species can be easily confused with <em>Lithophyllon undulatum</em>.&#160;<br/><br/>According to Veron <em>et al. </em>(2016), this species is a synonym of&#160;<em>Lithophyllon lobata</em> (van der Horst, 1921). It is valid according to the WoRMS online database (accessed May 2022). There is high taxonomic uncertainty and further research is needed (D. Obura pers. comm. 2022)."
133519,Mycetophyllia danaana,ANIMALIA,CNIDARIA,ANTHOZOA,SCLERACTINIA,FAVIIDAE,Mycetophyllia,danaana,,,,,"Milne Edwards &amp; Haime, 1849",
133520,Pavona chiriquiensis,ANIMALIA,CNIDARIA,ANTHOZOA,SCLERACTINIA,AGARICIIDAE,Pavona,chiriquiensis,,,,,"Glynn Maté &amp; Stemann, 2001",
133521,Stephanocoenia intersepta,ANIMALIA,CNIDARIA,ANTHOZOA,SCLERACTINIA,ASTROCOENIIDAE,Stephanocoenia,intersepta,,,,,"(Esper, 1795)",
133522,Helioseris cucullata,ANIMALIA,CNIDARIA,ANTHOZOA,SCLERACTINIA,AGARICIIDAE,Helioseris,cucullata,,,,,"(Ellis &amp; Solander, 1786)",
133523,Alveopora fenestrata,ANIMALIA,CNIDARIA,ANTHOZOA,SCLERACTINIA,ACROPORIDAE,Alveopora,fenestrata,,,,,"(Lamarck, 1816)",
133524,Anacropora pillai,ANIMALIA,CNIDARIA,ANTHOZOA,SCLERACTINIA,ACROPORIDAE,Anacropora,pillai,,,,,"Veron, 2000",
133525,Montipora monasteriata,ANIMALIA,CNIDARIA,ANTHOZOA,SCLERACTINIA,ACROPORIDAE,Montipora,monasteriata,,,,,"(Forskäl, 1775)",
133526,Seriatopora aculeata,ANIMALIA,CNIDARIA,ANTHOZOA,SCLERACTINIA,POCILLOPORIDAE,Seriatopora,aculeata,,,,,"Quelch, 1886",
133528,Blastomussa merleti,ANIMALIA,CNIDARIA,ANTHOZOA,SCLERACTINIA,PLEROGYRIDAE,Blastomussa,merleti,,,,,"(Wells, 1961)",
133529,Horastrea indica,ANIMALIA,CNIDARIA,ANTHOZOA,SCLERACTINIA,COSCINARAEIDAE,Horastrea,indica,,,,,"Pichon, 1971","For additional taxonomic information, please refer to Benzoni <em>et al.</em> (2012)."
133530,Stylophora subseriata,ANIMALIA,CNIDARIA,ANTHOZOA,SCLERACTINIA,POCILLOPORIDAE,Stylophora,subseriata,,,,,"(Ehrenberg, 1834)","The taxonomic status of this nominal species remains in question (Stefani <em>et al</em>. 2011). Sheppard and Sheppard (1991) considered <em>Stylophora subseriata</em> to be a junior synonym of <em>S. pistillata</em>, while Veron (2000) considered both nominal species to be valid. Combined morphological and genetic analyses suggest that <em>S. subseriata</em> may be a junior synonym of <em>S. pistillata</em>, but more work is needed (Stefani&#160;<em>et al</em>. 2011). This species is valid according to the WoRMS online database (accessed January 2022)."
133531,Acropora palmerae,ANIMALIA,CNIDARIA,ANTHOZOA,SCLERACTINIA,ACROPORIDAE,Acropora,palmerae,,,,,"Wells, 1954",<em>Acropora minuta</em> is now a synonym of this species&#160;(WoRMS accessed January 2022).
133532,Acropora verweyi,ANIMALIA,CNIDARIA,ANTHOZOA,SCLERACTINIA,ACROPORIDAE,Acropora,verweyi,,,,,"Veron &amp; Wallace, 1984",
133533,Oculina robusta,ANIMALIA,CNIDARIA,ANTHOZOA,SCLERACTINIA,OCULINIDAE,Oculina,robusta,,,,,"Pourtalés, 1871","This species was described by Pourtalès (1871), the basis of record originally created by Cairns <em>et al</em>. (2009) and later revised by Hoeksema and Cairns (2021). Taxonomic description and habitat distribution is presented by Veron (2000)."
133534,Pocillopora zelli,ANIMALIA,CNIDARIA,ANTHOZOA,SCLERACTINIA,POCILLOPORIDAE,Pocillopora,zelli,,,,,"Veron, 2000","For additional taxonomic information, please refer to Marti-Puig <em>et al</em>. (2014)."
133535,Agaricia agaricites,ANIMALIA,CNIDARIA,ANTHOZOA,SCLERACTINIA,AGARICIIDAE,Agaricia,agaricites,,,,,"(Linnaeus, 1758)",
133537,Heterocyathus alternatus,ANIMALIA,CNIDARIA,ANTHOZOA,SCLERACTINIA,CARYOPHYLLIIDAE,Heterocyathus,alternatus,,,,,"Verrill, 1865",
133538,Herpolitha limax,ANIMALIA,CNIDARIA,ANTHOZOA,SCLERACTINIA,FUNGIIDAE,Herpolitha,limax,,,,,"(Esper, 1792)","Recent molecular phylogeny evidence suggest that this is a species complex that conceals cryptic species, thus requiring further taxonomic evaluation (Grinblat&#160;<em>et al</em>. 2021)."
133539,Leptoseris incrustans,ANIMALIA,CNIDARIA,ANTHOZOA,SCLERACTINIA,AGARICIIDAE,Leptoseris,incrustans,,,,,"(Quelch, 1886)",
133540,Goniopora paliformis,ANIMALIA,CNIDARIA,ANTHOZOA,SCLERACTINIA,PORITIDAE,Goniopora,paliformis,,,,,"(Veron, 2002)","There is some disagreement on the placement of this species in <em>Goniopora </em>from <em>Poritipora </em>(Kitano <em>et al</em>. 2014, Veron <em>et al</em>. 2016)."
133541,Isopora elizabethensis,ANIMALIA,CNIDARIA,ANTHOZOA,SCLERACTINIA,ACROPORIDAE,Isopora,elizabethensis,,,,,"Veron, 2000","According to Wallace <em>et al. </em>(2012), this species may be a synonym of <em>Isopora palifera.</em>&#160;According to Veron <em>et al.</em> (2016), it is clearly differentiated in both field and skeletal studies. It is accepted according to the WoRMS online database (accessed January 2023)."
133542,Leptastrea aequalis,ANIMALIA,CNIDARIA,ANTHOZOA,SCLERACTINIA,LEPTASTREIDAE,Leptastrea,aequalis,,,,,"Veron, 2000",
133543,Porites brighami,ANIMALIA,CNIDARIA,ANTHOZOA,SCLERACTINIA,PORITIDAE,Porites,brighami,,,,,"Vaughan, 1907",
133544,Madracis carmabi,ANIMALIA,CNIDARIA,ANTHOZOA,SCLERACTINIA,POCILLOPORIDAE,Madracis,carmabi,,,,,"Vermeij Diekmann &amp; Bak, 2003","<p>Features that distinguish this species from other <em>Madracis </em>species are the combination of (1) a branching morphology and (2) decameral septal organization. Vermeij <em></em><em>et al</em>. (2003) proposed that hybridization between <em>Madracis decactis</em> and <em>Madracis formosa</em> was the process leading to this new taxon. <em>Madracis carmabi </em>has been moved back into Pocilloporidae, along with all <em>Madracis</em> species, as genetics has recently confirmed it is more closely related to <em>Pocillopora </em>than <em>Stephanocoenia </em>(Benzoni <em>et al</em>. 2018).&#160;<em>Madracis carmabi&#160;</em>shares characteristics with two other <em>Madracis</em> species, i.e., colony morphology and septal arrangement correspond to that of <em>M. formosa</em> and <em>M. decactis</em>, respectively. Close relationships and exchange of genetic information have been found among <em>Madracis</em> species (Diekmann <em>et al</em>. 2001).</p>"
133545,Merulina triangularis,ANIMALIA,CNIDARIA,ANTHOZOA,SCLERACTINIA,MERULINIDAE,Merulina,triangularis,,,,,(Veron &amp; Pichon 1980),
133546,Porites latistellata,ANIMALIA,CNIDARIA,ANTHOZOA,SCLERACTINIA,PORITIDAE,Porites,latistellata,,,,,"Quelch, 1886",
133547,Acropora yongei,ANIMALIA,CNIDARIA,ANTHOZOA,SCLERACTINIA,ACROPORIDAE,Acropora,yongei,,,,,"Veron &amp; Wallace, 1984",
133548,Stylocoeniella armata,ANIMALIA,CNIDARIA,ANTHOZOA,SCLERACTINIA,ASTROCOENIIDAE,Stylocoeniella,armata,,,,,"(Ehrenberg, 1834)",
133549,Porites panamensis,ANIMALIA,CNIDARIA,ANTHOZOA,SCLERACTINIA,PORITIDAE,Porites,panamensis,,,,,"Verril, 1866",
133550,Acropora glauca,ANIMALIA,CNIDARIA,ANTHOZOA,SCLERACTINIA,ACROPORIDAE,Acropora,glauca,,,,,"(Brook, 1893)",
133551,Lobophyllia corymbosa,ANIMALIA,CNIDARIA,ANTHOZOA,SCLERACTINIA,LOBOPHYLLIIDAE,Lobophyllia,corymbosa,,,,,"(Forskål, 1775)",
133552,Pocillopora fungiformis,ANIMALIA,CNIDARIA,ANTHOZOA,SCLERACTINIA,POCILLOPORIDAE,Pocillopora,fungiformis,,,,,"Veron, 2000",
133554,Echinopora fruticulosa,ANIMALIA,CNIDARIA,ANTHOZOA,SCLERACTINIA,MERULINIDAE,Echinopora,fruticulosa,,,,,"(Ehrenberg, 1834)",
133555,Porites deformis,ANIMALIA,CNIDARIA,ANTHOZOA,SCLERACTINIA,PORITIDAE,Porites,deformis,,,,,"Nemenzo, 1955",
133556,Montipora spumosa,ANIMALIA,CNIDARIA,ANTHOZOA,SCLERACTINIA,ACROPORIDAE,Montipora,spumosa,,,,,"(Lamarck, 1816)",
133557,Acanthastrea brevis,ANIMALIA,CNIDARIA,ANTHOZOA,SCLERACTINIA,LOBOPHYLLIIDAE,Acanthastrea,brevis,,,,,"Milne Edwards &amp; Haime, 1849",
133558,Pavona cactus,ANIMALIA,CNIDARIA,ANTHOZOA,SCLERACTINIA,AGARICIIDAE,Pavona,cactus,,,,,"(Forskål, 1775)",
133559,Mycedium elephantotus,ANIMALIA,CNIDARIA,ANTHOZOA,SCLERACTINIA,MERULINIDAE,Mycedium,elephantotus,,,,,"(Pallas, 1766)",
133560,Coelastrea palauensis,ANIMALIA,CNIDARIA,ANTHOZOA,SCLERACTINIA,MERULINIDAE,Coelastrea,palauensis,,,,,"(Yabe &amp; Sugiyama, 1936)",
133561,Porites flavus,ANIMALIA,CNIDARIA,ANTHOZOA,SCLERACTINIA,PORITIDAE,Porites,flavus,,,,,"Veron, 2000",
133562,Oxypora convoluta,ANIMALIA,CNIDARIA,ANTHOZOA,SCLERACTINIA,LOBOPHYLLIIDAE,Oxypora,convoluta,,,,,"Veron, 2000",
133563,Montipora peltiformis,ANIMALIA,CNIDARIA,ANTHOZOA,SCLERACTINIA,ACROPORIDAE,Montipora,peltiformis,,,,,"Bernard, 1897",
133564,Isophyllia rigida,ANIMALIA,CNIDARIA,ANTHOZOA,SCLERACTINIA,FAVIIDAE,Isophyllia,rigida,,,,,"(Dana, 1848)",Veron (2000) synonymized <em>Isophyllastrea</em> with <em>Isophyllia</em>.
133565,Lobophyllia dentata,ANIMALIA,CNIDARIA,ANTHOZOA,SCLERACTINIA,LOBOPHYLLIIDAE,Lobophyllia,dentata,,,,,"Veron, 2000",
133566,Homophyllia australis,ANIMALIA,CNIDARIA,ANTHOZOA,SCLERACTINIA,LOBOPHYLLIIDAE,Homophyllia,australis,,,,,"(Milne Edwards &amp; Haime, 1848)",
133567,Alveopora viridis,ANIMALIA,CNIDARIA,ANTHOZOA,SCLERACTINIA,ACROPORIDAE,Alveopora,viridis,,,,,"Quoy &amp; Gaimard, 1833",
133568,Porites rugosa,ANIMALIA,CNIDARIA,ANTHOZOA,SCLERACTINIA,PORITIDAE,Porites,rugosa,,,,,"Veron &amp; Fenner, 2000",
133569,Dipsastraea favus,ANIMALIA,CNIDARIA,ANTHOZOA,SCLERACTINIA,MERULINIDAE,Dipsastraea,favus,,,,,"(Forskål, 1775)",
219646182,Psammocora profundacella,ANIMALIA,CNIDARIA,ANTHOZOA,SCLERACTINIA,PSAMMOCORIDAE,Psammocora,profundacella,,,,,"Gardiner, 1898",<em>Psammocora superficialis</em> is now a synonym of this species (WoRMS online database accessed March 2023).
133571,Platygyra carnosa,ANIMALIA,CNIDARIA,ANTHOZOA,SCLERACTINIA,MERULINIDAE,Platygyra,carnosa,,,,,"Veron, 2000",
133572,Porites echinulata,ANIMALIA,CNIDARIA,ANTHOZOA,SCLERACTINIA,PORITIDAE,Porites,echinulata,,,,,"Klunzinger, 1879",
133573,Lobophyllia rowleyensis,ANIMALIA,CNIDARIA,ANTHOZOA,SCLERACTINIA,LOBOPHYLLIIDAE,Lobophyllia,rowleyensis,,,,,"(Veron, 1985)",
133574,Porites pukoensis,ANIMALIA,CNIDARIA,ANTHOZOA,SCLERACTINIA,PORITIDAE,Porites,pukoensis,,,,,"Vaughan, 1907",This species is similar to <em>Porites stephensoni</em> and molecular analysis may be needed to clarify their separation (Kenyon<em> et al</em>. 2011).
133575,Cladocora arbuscula,ANIMALIA,CNIDARIA,ANTHOZOA,SCLERACTINIA,CLADOCORIDAE,Cladocora,arbuscula,,,,,"(Le Sueur, 1821)",
218764849,Acropora cerealis,ANIMALIA,CNIDARIA,ANTHOZOA,SCLERACTINIA,ACROPORIDAE,Acropora,cerealis,,,,,"(Dana, 1846)",<em>Acropora tizardi </em>is now a synonym of this species (WoRMS accessed January 2022). This species is part of a species complex (Veron <em>et al</em>. 2016).
133577,Favites spinosa,ANIMALIA,CNIDARIA,ANTHOZOA,SCLERACTINIA,MERULINIDAE,Favites,spinosa,,,,,"(Klunzinger, 1879)",
133579,Pocillopora molokensis,ANIMALIA,CNIDARIA,ANTHOZOA,SCLERACTINIA,POCILLOPORIDAE,Pocillopora,molokensis,,,,,"Vaughan, 1907","For additional taxonomic information, please refer to Marti-Puig<em> et al</em>. (2014), Nakajima <em>et al.</em> (2017) and Schmidt-Roach <em>et al.</em> (2014)."
133581,Pavona diffluens,ANIMALIA,CNIDARIA,ANTHOZOA,SCLERACTINIA,AGARICIIDAE,Pavona,diffluens,,,,,"(Lamarck, 1816)",
133582,Oxypora crassispinosa,ANIMALIA,CNIDARIA,ANTHOZOA,SCLERACTINIA,LOBOPHYLLIIDAE,Oxypora,crassispinosa,,,,,"Nemenzo, 1979",
133583,Acropora awi,ANIMALIA,CNIDARIA,ANTHOZOA,SCLERACTINIA,ACROPORIDAE,Acropora,awi,,,,,"Wallace &amp; Wolstenholme, 1998",
133584,Porites divaricata,ANIMALIA,CNIDARIA,ANTHOZOA,SCLERACTINIA,PORITIDAE,Porites,divaricata,,,,,"Le Sueur, 1821","<p>There is discussion about species distinctions among&#160;<em>Porites porites</em>&#160;-&#160;<em>Porites furcata</em>&#160;-&#160;<em>Porites divaricata,</em>&#160;whether these species represent morphological variants of one diverse species or distinct species. It is suggested that genetic variation among these putative species occur along geographic gradients rather than taxonomy (Prada&#160;<em>et al</em>. 2014).</p>"
133585,Pseudosiderastrea tayamai,ANIMALIA,CNIDARIA,ANTHOZOA,SCLERACTINIA,RHIZANGIIDAE,Pseudosiderastrea,tayamai,,,,,"Yabe &amp; Sugiyama, 1935","This species is properly known as <em>Pseudosiderastrea tayamai</em> (Yabe and Sugiyama 1935, Hoeksema and Cairns 2019)."
133586,Mussismilia braziliensis,ANIMALIA,CNIDARIA,ANTHOZOA,SCLERACTINIA,FAVIIDAE,Mussismilia,braziliensis,,,,,"(Verrill, 1868)","This species was previously placed in the family Mussidae but is now placed under Faviidae (Budd<em> et al</em>. 2012, Budd <em>et al</em>. 2019)."
133587,Sandalolitha dentata,ANIMALIA,CNIDARIA,ANTHOZOA,SCLERACTINIA,FUNGIIDAE,Sandalolitha,dentata,,,,,"Quelch, 1884",
133588,Euphyllia cristata,ANIMALIA,CNIDARIA,ANTHOZOA,SCLERACTINIA,EUPHYLLIIDAE,Euphyllia,cristata,,,,,"Chevalier, 1971",
133589,Cycloseris explanulata,ANIMALIA,CNIDARIA,ANTHOZOA,SCLERACTINIA,FUNGIIDAE,Cycloseris,explanulata,,,,,"(Van der Horst, 1922)",
133590,Siderastrea savignyana,ANIMALIA,CNIDARIA,ANTHOZOA,SCLERACTINIA,RHIZANGIIDAE,Siderastrea,savignyana,,,,,"Milne Edwards &amp; Haime, 1849",
133591,Isophyllia sinuosa,ANIMALIA,CNIDARIA,ANTHOZOA,SCLERACTINIA,FAVIIDAE,Isophyllia,sinuosa,,,,,"(Ellis &amp; Solander, 1786)",
133592,Acropora exquisita,ANIMALIA,CNIDARIA,ANTHOZOA,SCLERACTINIA,ACROPORIDAE,Acropora,exquisita,,,,,"Nemenzo, 1971",The taxonomic status of this species is unresolved according to Wallace (1999) and Veron&#160;<em>et al</em>. (2016) based on the ambiguity of the holotype specimen. It is not included in the taxonomic revision of <em>Acropora </em>species by Wallace <em>et al</em>. (2012).&#160;It is an accepted species according to the WoRMS online database (accessed January 2023).
133593,Goniastrea stelligera,ANIMALIA,CNIDARIA,ANTHOZOA,SCLERACTINIA,MERULINIDAE,Goniastrea,stelligera,,,,,"(Dana, 1846)",
133594,Favia fragum,ANIMALIA,CNIDARIA,ANTHOZOA,SCLERACTINIA,FAVIIDAE,Favia,fragum,,,,,"(Esper, 1793)",
133596,Schizoculina africana,ANIMALIA,CNIDARIA,ANTHOZOA,SCLERACTINIA,OCULINIDAE,Schizoculina,africana,,,,,"(Thiel, 1928)",Molecular research is needed to resolve taxonomic uncertainties associated with the separation of <em>Schizoculina africana</em> and<em> S. fissipara</em> (B. Hoeksema pers. comm. 2022).
133597,Cantharellus doederleini,ANIMALIA,CNIDARIA,ANTHOZOA,SCLERACTINIA,FUNGIIDAE,Cantharellus,doederleini,,,,,"(von Marenzeller, 1907)",
133598,Acropora proximalis,ANIMALIA,CNIDARIA,ANTHOZOA,SCLERACTINIA,ACROPORIDAE,Acropora,proximalis,,,,,"Veron, 2000","The holotype of this species resembles <em>Acropora kirstyae</em>, and additional material is needed to clarify the separation between these species (Wallace <em>et al.</em> 2012)."
133599,Montipora undata,ANIMALIA,CNIDARIA,ANTHOZOA,SCLERACTINIA,ACROPORIDAE,Montipora,undata,,,,,"Bernard, 1897",
133600,Acropora indonesia,ANIMALIA,CNIDARIA,ANTHOZOA,SCLERACTINIA,ACROPORIDAE,Acropora,indonesia,,,,,"Wallace, 1997",
133601,Dipsastraea helianthoides,ANIMALIA,CNIDARIA,ANTHOZOA,SCLERACTINIA,MERULINIDAE,Dipsastraea,helianthoides,,,,,"(Wells, 1954)",
213549931,Isopora togianensis,ANIMALIA,CNIDARIA,ANTHOZOA,SCLERACTINIA,ACROPORIDAE,Isopora,togianensis,,,,,"(Wallace, 1997)",This species was transferred to the genus <em>Isopora</em> by Wallace <em>et al</em>. (2007). <em>Acropora cylindrica</em> is now a synonym of this species (WoRMS online database accessed January 2022).
133604,Acropora arabensis,ANIMALIA,CNIDARIA,ANTHOZOA,SCLERACTINIA,ACROPORIDAE,Acropora,arabensis,,,,,"Hodgson &amp; Carpenter, 1995",
133605,Scolymia wellsii,ANIMALIA,CNIDARIA,ANTHOZOA,SCLERACTINIA,FAVIIDAE,Scolymia,wellsii,,,,,"Laborel, 1967","According to the World Register of Marine Species (WoRMS), this species is accepted as <em>Scolymia wellsii</em>. Species in the genus <em>Scolymia</em> may be misidentified and can be confused with newly recruited polyps of <em>Mussa angulosa. </em>In Brazil, it can be confused with <em>Mussismilia hispida</em> recruits (M. Kitahara pers. comm. 2021).<br/><br/>While field identification may be difficult, micro-morphological and micro-structural characters clearly differentiate <em>Scolymia wellsi</em> from its congeners, <em>Scolymia lacera</em> and <em>Scolymia cubensis</em>, as well as the colonial <em>Mussa angulosa</em> belonging to the same family and whose founder polyps strongly resemble <em>Scolymia </em>(Casebolt 2011, Budd <em>et al</em>. 2012). Molecular phylogenetics also support species-level distinction of <em>Scolymia lacera</em> and <em>Scolymia wellsi</em> (Fukami <em>et al</em>. 2004). The colour of live specimens ranges from brown to green (sometimes even purple), and it is not uncommon to see multicoloured individuals.<br/><br/><em>Scolymia cubensis</em> has been reported to occur in Brazil (Neves<em> et al.</em> 2006), and while skeletal morphological differences are demonstrated between <em>S. cubensis</em> and <em>S. wellsi</em> collected in this study, a single specimen of <em>S. cubensis</em> was analyzed from Brazil. Nevertheless, future studies conducted on <em>Scolymia</em> spp. in Brazil, Colombia, Venezuela or any other Caribbean location where the species is suspected to occur should verify identification in the laboratory, on at least a portion of the specimens studied. Molecular techniques are also indicated as means to separate <em>Scolymia</em> representatives."
133606,Lobophyllia recta,ANIMALIA,CNIDARIA,ANTHOZOA,SCLERACTINIA,LOBOPHYLLIIDAE,Lobophyllia,recta,,,,,"(Dana, 1846)",
133608,Oxypora egyptensis,ANIMALIA,CNIDARIA,ANTHOZOA,SCLERACTINIA,LOBOPHYLLIIDAE,Oxypora,egyptensis,,,,,"Veron, 2000",
133609,Echinophyllia orpheensis,ANIMALIA,CNIDARIA,ANTHOZOA,SCLERACTINIA,LOBOPHYLLIIDAE,Echinophyllia,orpheensis,,,,,"Veron &amp; Pichon, 1980","For additional taxonomic information, please refer to Benzoni (2013) and Arrigoni <em>et al.</em> (2016)."
133610,Porites decasepta,ANIMALIA,CNIDARIA,ANTHOZOA,SCLERACTINIA,PORITIDAE,Porites,decasepta,,,,,"Claereboudt, 2006",Taxonomic work is needed for this species (Veron <em>et al. </em>2016).
133611,Madracis senaria,ANIMALIA,CNIDARIA,ANTHOZOA,SCLERACTINIA,POCILLOPORIDAE,Madracis,senaria,,,,,"Wells, 1974","<p><em>Madracis senaria</em> has been moved into Pocilloporidae along with all <em>Madracis</em> species, as genetics has recently confirmed it is more closely related to <em>Pocillopora</em> than <em>Stephanocoenia</em> (Benzoni <em>et al</em>. 2018).</p>"
133613,Porites solida,ANIMALIA,CNIDARIA,ANTHOZOA,SCLERACTINIA,PORITIDAE,Porites,solida,,,,,"(Forskål, 1775)",
133614,Seriatopora guttata,ANIMALIA,CNIDARIA,ANTHOZOA,SCLERACTINIA,POCILLOPORIDAE,Seriatopora,guttata,,,,,"Veron, 2002",
133615,Bernardpora stutchburyi,ANIMALIA,CNIDARIA,ANTHOZOA,SCLERACTINIA,PORITIDAE,Bernardpora,stutchburyi,,,,,"(Wells, 1955)",
133616,Dipsastraea matthaii,ANIMALIA,CNIDARIA,ANTHOZOA,SCLERACTINIA,MERULINIDAE,Dipsastraea,matthaii,,,,,"(Vaughan, 1918)",
133617,Acropora jacquelineae,ANIMALIA,CNIDARIA,ANTHOZOA,SCLERACTINIA,ACROPORIDAE,Acropora,jacquelineae,,,,,"Wallace, 1994",
133618,Madracis auretenra,ANIMALIA,CNIDARIA,ANTHOZOA,SCLERACTINIA,POCILLOPORIDAE,Madracis,auretenra,,,,,"Locke Weil &amp; Coates, 2007","<p><em>Madracis mirabilis</em> (sensu Wells 1973)—a pale yellow shallow branching stony coral with cylindrical branches known as Yellow Pencil Coral—is a well studied species and the name ‘<em>Madracis mirabilis</em>’ is deeply entrenched within the literature to describe it. Locke <em>et al.</em> (2007) found this coral had never formally been described, and moreover, <em>M. mirabilis</em> (Duchassaing and Michelotti 1860) technically referred to a deep-water azooxanthellate species now synonymous with <em>Madracis myriaster</em> (Milne-Edwards and Haime 1849). Locke&#160;<em>et al.</em>&#160;(2007) described the Yellow Pencil Coral commonly known as <em>M. mirabilis</em>, as <em>M. auretenra</em>. However, many studies continue to use the name <em>M. mirabilis</em> to designate populations of this species (e.g. Frade <em>et al</em>. 2010, Veron <em>et al</em>. 2020) and there is some debate around whether replacing this well-established name with <em>M. auretenra </em>is adequately supported. The taxonomic debate about the validity of the new name <em>M. auretenra</em>&#160;in respect to <em>M. mirabilis</em> is based on the fact that the type specimen of <em>M. mirabilis</em> designated by Duchassaing and Michelotti (1860) was not revised by Locke <em>et al.</em> (2007) for the description of <em>M. auretenra</em>.</p>"
133619,Lobophyllia diminuta,ANIMALIA,CNIDARIA,ANTHOZOA,SCLERACTINIA,LOBOPHYLLIIDAE,Lobophyllia,diminuta,,,,,"Veron, 1985","The Lob<span style=""background-color: white;"">ophylliidae family is a monophyletic group of ‘robust’ corals, with the genus&#160;<em>Lobophyllia&#160;</em>reclassed as a molecular subclade (Arrigoni&#160;<em>et al.&#160;</em>2014, Huang&#160;<em>et al</em>. 2016).&#160;<br/></span>"
133620,Australogyra zelli,ANIMALIA,CNIDARIA,ANTHOZOA,SCLERACTINIA,MERULINIDAE,Australogyra,zelli,,,,,"(Veron, Pichon &amp; Best, 1977)",
133621,Acropora valenciennesi,ANIMALIA,CNIDARIA,ANTHOZOA,SCLERACTINIA,ACROPORIDAE,Acropora,valenciennesi,,,,,"(Milne Edwards, 1860)",
133622,Montipora capitata,ANIMALIA,CNIDARIA,ANTHOZOA,SCLERACTINIA,ACROPORIDAE,Montipora,capitata,,,,,"(Dana, 1846)",
133623,Montipora cebuensis,ANIMALIA,CNIDARIA,ANTHOZOA,SCLERACTINIA,ACROPORIDAE,Montipora,cebuensis,,,,,"Nemenzo, 1976",
133624,Dipsastraea faviaformis,ANIMALIA,CNIDARIA,ANTHOZOA,SCLERACTINIA,MERULINIDAE,Dipsastraea,faviaformis,,,,,"(Veron, 2002)",
133625,Porites studeri,ANIMALIA,CNIDARIA,ANTHOZOA,SCLERACTINIA,PORITIDAE,Porites,studeri,,,,,"Vaughan, 1907","According to the WoRMS database (accessed 5 January 2022), the taxonomic validity of this species is uncertain or disputed by different experts. This species is taxonomically incoherent and may be genetically identical to <em>Porites lobata</em>."
133627,Paramontastraea peresi,ANIMALIA,CNIDARIA,ANTHOZOA,SCLERACTINIA,MERULINIDAE,Paramontastraea,peresi,,,,,"(Faure &amp; Pichon, 1978)",
133628,Cyphastrea agassizi,ANIMALIA,CNIDARIA,ANTHOZOA,SCLERACTINIA,MERULINIDAE,Cyphastrea,agassizi,,,,,"(Vaughan, 1907)",
133629,Favites stylifera,ANIMALIA,CNIDARIA,ANTHOZOA,SCLERACTINIA,MERULINIDAE,Favites,stylifera,,,,,"Yabe &amp; Sugiyama, 1937",
133630,Favites micropentagonus,ANIMALIA,CNIDARIA,ANTHOZOA,SCLERACTINIA,MERULINIDAE,Favites,micropentagonus,,,,,"Veron, 2000",
133632,Montipora vaughani,ANIMALIA,CNIDARIA,ANTHOZOA,SCLERACTINIA,ACROPORIDAE,Montipora,vaughani,,,,,"Hoffmeister, 1925","The taxonomic validity of this species has been questioned, although D. Fenner (pers. comm. 2008) states that it is a distinct species. According to Veron <em>et al.</em> (2016), this species is probably a synonym of <em>Montipora foveolata</em>. It is accepted in the WoRMS online database (accessed January 2023)."
133633,Turbinaria mesenterina,ANIMALIA,CNIDARIA,ANTHOZOA,SCLERACTINIA,DENDROPHYLLIIDAE,Turbinaria,mesenterina,,,,,"(Lamarck, 1816)",
133634,Goniastrea retiformis,ANIMALIA,CNIDARIA,ANTHOZOA,SCLERACTINIA,MERULINIDAE,Goniastrea,retiformis,,,,,"(Lamarck, 1816)",
133635,Montipora venosa,ANIMALIA,CNIDARIA,ANTHOZOA,SCLERACTINIA,ACROPORIDAE,Montipora,venosa,,,,,"(Ehrenberg, 1834)",
133636,Leptoseris gardineri,ANIMALIA,CNIDARIA,ANTHOZOA,SCLERACTINIA,AGARICIIDAE,Leptoseris,gardineri,,,,,"(van der Horst, 1922)","This species may require taxonomic revision (<span id=""docs-internal-guid-897bd04a-7fff-9e2d-8cae-87c273790b75"">Gijsbers <em>et al</em>. 2023)."
133637,Pocillopora indiania,ANIMALIA,CNIDARIA,ANTHOZOA,SCLERACTINIA,POCILLOPORIDAE,Pocillopora,indiania,,,,,"Veron, 2000",
133638,Dipsastraea maritima,ANIMALIA,CNIDARIA,ANTHOZOA,SCLERACTINIA,MERULINIDAE,Dipsastraea,maritima,,,,,"(Nemenzo, 1971)",
133639,Acropora pichoni,ANIMALIA,CNIDARIA,ANTHOZOA,SCLERACTINIA,ACROPORIDAE,Acropora,pichoni,,,,,"Wallace, 1999",
133640,Porites monticulosa,ANIMALIA,CNIDARIA,ANTHOZOA,SCLERACTINIA,PORITIDAE,Porites,monticulosa,,,,,"Dana, 1846",
133641,Goniopora djiboutiensis,ANIMALIA,CNIDARIA,ANTHOZOA,SCLERACTINIA,PORITIDAE,Goniopora,djiboutiensis,,,,,"Vaughan, 1907","The current morphological identification criteria for <em>Goniopora lobata</em> and <em>G. djiboutiensis</em> do not match the existing genetic boundaries, and thus, the two should be regarded as a species complex (Yasuda<em> et al.</em> 2021).&#160;<br/><br/>The complete mitogenome sequence of <em>Goniopora djiboutiensis</em> is 18,765 bp in length, comprising unique 13 protein-coding genes (PCGs), two ribosomal RNAs, and two transfer RNAs genes of each, showing a typical Scleractinia pattern. New phylogenetic analysis upon complete mitogenomics revealed that <em>G. djiboutiensis</em> is most closely related to <em>G. columna</em>, with high bootstrap values (Tong <em>et al.</em> 2019)."
133642,Acanthastrea hemprichii,ANIMALIA,CNIDARIA,ANTHOZOA,SCLERACTINIA,LOBOPHYLLIIDAE,Acanthastrea,hemprichii,,,,,"(Ehrenberg, 1834)",
133643,Goniopora sultani,ANIMALIA,CNIDARIA,ANTHOZOA,SCLERACTINIA,PORITIDAE,Goniopora,sultani,,,,,"Veron DeVantier &amp; Turak, 2000",
133645,Porites somaliensis,ANIMALIA,CNIDARIA,ANTHOZOA,SCLERACTINIA,PORITIDAE,Porites,somaliensis,,,,,"Gravier, 1910",
133646,Montipora verrucosa,ANIMALIA,CNIDARIA,ANTHOZOA,SCLERACTINIA,ACROPORIDAE,Montipora,verrucosa,,,,,"(Lamarck, 1816)",
133647,Acropora polystoma,ANIMALIA,CNIDARIA,ANTHOZOA,SCLERACTINIA,ACROPORIDAE,Acropora,polystoma,,,,,"(Brook, 1891)",<em>Acropora massawensis</em> is now a synonym of this species&#160;(WoRMS accessed January 2022).
133648,Cyphastrea microphthalma,ANIMALIA,CNIDARIA,ANTHOZOA,SCLERACTINIA,MERULINIDAE,Cyphastrea,microphthalma,,,,,"(Lamarck, 1816)",
219410503,Acropora abrotanoides,ANIMALIA,CNIDARIA,ANTHOZOA,SCLERACTINIA,ACROPORIDAE,Acropora,abrotanoides,,,,,"(Lamarck, 1816)",<em>Acropora irregularis</em> and <em>Acropora tutuilensis</em> are now synonyms of this species (WoRMS accessed January 2022).
133650,Favites paraflexuosus,ANIMALIA,CNIDARIA,ANTHOZOA,SCLERACTINIA,MERULINIDAE,Favites,paraflexuosus,,,,,"Veron, 2000",
133651,Platygyra lamellina,ANIMALIA,CNIDARIA,ANTHOZOA,SCLERACTINIA,MERULINIDAE,Platygyra,lamellina,,,,,"(Ehrenberg, 1834)",
133652,Leptastrea transversa,ANIMALIA,CNIDARIA,ANTHOZOA,SCLERACTINIA,LEPTASTREIDAE,Leptastrea,transversa,,,,,"Klunzinger, 1879",
133654,Favites chinensis,ANIMALIA,CNIDARIA,ANTHOZOA,SCLERACTINIA,MERULINIDAE,Favites,chinensis,,,,,"(Verrill, 1866)",
133656,Echinophyllia costata,ANIMALIA,CNIDARIA,ANTHOZOA,SCLERACTINIA,LOBOPHYLLIIDAE,Echinophyllia,costata,,,,,"Fenner &amp; Veron, 2000",
133657,Solenastrea bournoni,ANIMALIA,CNIDARIA,ANTHOZOA,SCLERACTINIA,NOT ASSIGNED,Solenastrea,bournoni,,,,,"Milne Edwards &amp; Haime, 1849",
133659,Stylophora kuehlmanni,ANIMALIA,CNIDARIA,ANTHOZOA,SCLERACTINIA,POCILLOPORIDAE,Stylophora,kuehlmanni,,,,,"Scheer &amp; Pillai, 1983",
133660,Isopora cuneata,ANIMALIA,CNIDARIA,ANTHOZOA,SCLERACTINIA,ACROPORIDAE,Isopora,cuneata,,,,,"(Dana, 1846)",The genus <i>Isopora</i> was previously a subgenus but was elevated (Wallace <i>et al</i>. 2007).
133661,Acropora echinata,ANIMALIA,CNIDARIA,ANTHOZOA,SCLERACTINIA,ACROPORIDAE,Acropora,echinata,,,,,"(Dana, 1846)",Taxonomic research is needed to clarify the true distribution extent of this species (Bridge <em>et al</em>. 2023).
133662,Galaxea fascicularis,ANIMALIA,CNIDARIA,ANTHOZOA,SCLERACTINIA,EUPHYLLIIDAE,Galaxea,fascicularis,,,,,"(Linnaeus, 1767)",
133663,Madracis decactis,ANIMALIA,CNIDARIA,ANTHOZOA,SCLERACTINIA,POCILLOPORIDAE,Madracis,decactis,,,,,"(Lyman, 1859)",
133664,Pachyseris involuta,ANIMALIA,CNIDARIA,ANTHOZOA,SCLERACTINIA,NOT ASSIGNED,Pachyseris,involuta,,,,,"Studer, 1878","The&#160;<em>Pachyseris&#160;</em>genus appears to be closely related to Euphylliidae, but family placement remains uncertain (Terraneo&#160;<em>et al</em>. 2014, WoRMS online database accessed July 2022)."
133665,Goniastrea thecata,ANIMALIA,CNIDARIA,ANTHOZOA,SCLERACTINIA,MERULINIDAE,Goniastrea,thecata,,,,,"Veron DeVantier &amp; Turak, 2000",
218761650,Acropora millepora,ANIMALIA,CNIDARIA,ANTHOZOA,SCLERACTINIA,ACROPORIDAE,Acropora,millepora,,,,,"(Ehrenberg, 1834)",<em>Acropora convexa</em> and <em>A. prostrata</em> are now synonyms of <em>A. millepora</em> (WoRMS accessed January 2022).
133667,Craterastrea levis,ANIMALIA,CNIDARIA,ANTHOZOA,SCLERACTINIA,COSCINARAEIDAE,Craterastrea,levis,,,,,Head 1983,The taxonomy of this species was addressed by Benzoni <em>et al</em>. (2012).
133668,Goniopora stokesi,ANIMALIA,CNIDARIA,ANTHOZOA,SCLERACTINIA,PORITIDAE,Goniopora,stokesi,,,,,"Milne Edwards &amp; Haime, 1851",
133669,Cyphastrea decadia,ANIMALIA,CNIDARIA,ANTHOZOA,SCLERACTINIA,MERULINIDAE,Cyphastrea,decadia,,,,,"Moll &amp; Best, 1984",
133670,Acanthastrea minuta,ANIMALIA,CNIDARIA,ANTHOZOA,SCLERACTINIA,LOBOPHYLLIIDAE,Acanthastrea,minuta,,,,,"Moll &amp; Borel-Best, 1984",
133671,Heteropsammia eupsammides,ANIMALIA,CNIDARIA,ANTHOZOA,SCLERACTINIA,DENDROPHYLLIIDAE,Heteropsammia,eupsammides,,,,,"(Gray, 1849)","According to Veron (2000) and Veron <em>et al</em>. (2016), this species is a synonym of&#160;<em>Heteropsammia cochlea.</em> It is considered valid by Hoeksema and Best (1991). It is accepted&#160;in the WoRMS online database (accessed February 2023)."
133673,Pleuractis paumotensis,ANIMALIA,CNIDARIA,ANTHOZOA,SCLERACTINIA,FUNGIIDAE,Pleuractis,paumotensis,,,,,"(Stutchbury, 1833)",
133674,Montipora mollis,ANIMALIA,CNIDARIA,ANTHOZOA,SCLERACTINIA,ACROPORIDAE,Montipora,mollis,,,,,"Bernard, 1897",
133675,Alveopora tizardi,ANIMALIA,CNIDARIA,ANTHOZOA,SCLERACTINIA,ACROPORIDAE,Alveopora,tizardi,,,,,"Bassett-Smith, 1890",
133679,Heteropsammia cochlea,ANIMALIA,CNIDARIA,ANTHOZOA,SCLERACTINIA,DENDROPHYLLIIDAE,Heteropsammia,cochlea,,,,,"(Spengler, 1781)",Azooxanthellate forms of this species may occur outside its distribution (Veron <em>et al</em>. 2016).
133680,Porites astreoides,ANIMALIA,CNIDARIA,ANTHOZOA,SCLERACTINIA,PORITIDAE,Porites,astreoides,,,,,"Lamarck, 1816",
133682,Acropora subulata,ANIMALIA,CNIDARIA,ANTHOZOA,SCLERACTINIA,ACROPORIDAE,Acropora,subulata,,,,,"(Dana, 1846)",
133683,Pectinia maxima,ANIMALIA,CNIDARIA,ANTHOZOA,SCLERACTINIA,MERULINIDAE,Pectinia,maxima,,,,,"(Moll &amp; Best, 1984)",
133684,Coscinaraea hahazimaensis,ANIMALIA,CNIDARIA,ANTHOZOA,SCLERACTINIA,COSCINARAEIDAE,Coscinaraea,hahazimaensis,,,,,"Yabe &amp; Sugiyama, 1936",
133685,Stylophora pistillata,ANIMALIA,CNIDARIA,ANTHOZOA,SCLERACTINIA,POCILLOPORIDAE,Stylophora,pistillata,,,,,"(Esper, 1797)","Keshavmurthy <em>et al.</em> (2013) reports that there are multiple lineages and clades associated with this species. Meziere <em>et al.</em> (2022), has reported that different lineages and clades have different bleaching responses."
133686,Leptoseris cailleti,ANIMALIA,CNIDARIA,ANTHOZOA,SCLERACTINIA,AGARICIIDAE,Leptoseris,cailleti,,,,,"(Duchassaing &amp; Michelotti, 1864)",
133687,Echinopora forskaliana,ANIMALIA,CNIDARIA,ANTHOZOA,SCLERACTINIA,MERULINIDAE,Echinopora,forskaliana,,,,,"(Milne Edwards &amp; Haime, 1849)",
133688,Acropora elegans,ANIMALIA,CNIDARIA,ANTHOZOA,SCLERACTINIA,ACROPORIDAE,Acropora,elegans,,,,,"(Milne Edwards &amp; Haime, 1860)",
133689,Anacropora reticulata,ANIMALIA,CNIDARIA,ANTHOZOA,SCLERACTINIA,ACROPORIDAE,Anacropora,reticulata,,,,,"Veron &amp; Wallace, 1984",
133690,Cyphastrea japonica,ANIMALIA,CNIDARIA,ANTHOZOA,SCLERACTINIA,MERULINIDAE,Cyphastrea,japonica,,,,,"Yabe &amp; Sugiyama, 1932","This species is possibly a junior synonym of <em>Cyphastrea chalcidic<span style=""background-color: white;"">um</span></em><span style=""background-color: white;""> (Chukaew <em>et al</em>. 2023).</span>"
133691,Pocillopora effusa,ANIMALIA,CNIDARIA,ANTHOZOA,SCLERACTINIA,POCILLOPORIDAE,Pocillopora,effusa,,,,,"Veron, 2002",
133693,Sandalolitha robusta,ANIMALIA,CNIDARIA,ANTHOZOA,SCLERACTINIA,FUNGIIDAE,Sandalolitha,robusta,,,,,"(Quelch, 1886)",
133694,Physophyllia ayleni,ANIMALIA,CNIDARIA,ANTHOZOA,SCLERACTINIA,MERULINIDAE,Physophyllia,ayleni,,,,,"(Wells, 1935)",There is high taxonomic uncertainty associated with this species. It is difficult to distinguish this species from <em>Pectinia lactuca</em> (D. Fenner pers. comm. 2008).
133695,Astraeosmilia curvata,ANIMALIA,CNIDARIA,ANTHOZOA,SCLERACTINIA,MERULINIDAE,Astraeosmilia,curvata,,,,,"(Wijsmann-Best, 1972)",
133696,Montipora altasepta,ANIMALIA,CNIDARIA,ANTHOZOA,SCLERACTINIA,ACROPORIDAE,Montipora,altasepta,,,,,"Nemenzo, 1967",
133697,Turbinaria reniformis,ANIMALIA,CNIDARIA,ANTHOZOA,SCLERACTINIA,DENDROPHYLLIIDAE,Turbinaria,reniformis,,,,,"Bernard, 1896",
133698,Acropora nana,ANIMALIA,CNIDARIA,ANTHOZOA,SCLERACTINIA,ACROPORIDAE,Acropora,nana,,,,,"(Studer, 1879)",
133699,Acropora filiformis,ANIMALIA,CNIDARIA,ANTHOZOA,SCLERACTINIA,ACROPORIDAE,Acropora,filiformis,,,,,"Veron, 2000","This species was first illustrated by Veron (2000) and later described in Veron (2002) from the Calamian Islands, Palawan, Philippines (Wallace&#160;<em>et al.</em>&#160;2012). Since then, live colonies of the species are only known from this type locality."
133700,Montipora hoffmeisteri,ANIMALIA,CNIDARIA,ANTHOZOA,SCLERACTINIA,ACROPORIDAE,Montipora,hoffmeisteri,,,,,"Wells, 1954",
133702,Pavona duerdeni,ANIMALIA,CNIDARIA,ANTHOZOA,SCLERACTINIA,AGARICIIDAE,Pavona,duerdeni,,,,,"Vaughan, 1907",
195215,Desmophyllum pertusum,ANIMALIA,CNIDARIA,ANTHOZOA,SCLERACTINIA,CARYOPHYLLIIDAE,Desmophyllum,pertusum,,,,,"(Linnaeus, 1758)","This assessment is restricted to the population of <em>Desmophyllum pertusum&#160;</em>in the Atlantic, as records from other regions may not represent the same lineage."
195218,Plerogyra eurysepta,ANIMALIA,CNIDARIA,ANTHOZOA,SCLERACTINIA,PLEROGYRIDAE,Plerogyra,eurysepta,,,,,"Nemenzo, 1960","According to Veron <em>et al</em>. (2016), this species is a synonym of <em>Plerogyra sinuosa</em>. It is an accepted species according to the WoRMS online database (accessed March 2023)."
195222,Enallopsammia rostrata,ANIMALIA,CNIDARIA,ANTHOZOA,SCLERACTINIA,DENDROPHYLLIIDAE,Enallopsammia,rostrata,,,,,"(Pourtalès, 1878)","There are no concerns on the taxonomic validity of <em>Enallopsammia rostrata</em>. Phylogenetic reconstructions of the order based on partial cytochrome oxidase subunit 1 (COX1; Kitahara <em>et al</em>. 2010) and partial ribosomal 16S rDNA and 28S rDNA (Stolarski <em>et al.</em> in review) had shown that <em>E. rostrata</em> is a true Dendrophylliidae, sharing genetic similarity with small, azooxanthellate, solitary corals such as <em>Balanophyllia</em> spp."
50149087,Desmophyllum dianthus,ANIMALIA,CNIDARIA,ANTHOZOA,SCLERACTINIA,CARYOPHYLLIIDAE,Desmophyllum,dianthus,,,,,"(Esper, 1794)",
7035,Edwardsia ivelli,ANIMALIA,CNIDARIA,ANTHOZOA,ACTINIARIA,EDWARDSIIDAE,Edwardsia,ivelli,,,,,"Manuel, 1975",
211665303,Meandrina jacksoni,ANIMALIA,CNIDARIA,ANTHOZOA,SCLERACTINIA,MEANDRINIDAE,Meandrina,jacksoni,,,,,"Weil &amp; Pinzón, 2011",There are no taxonomic concerns with relevance to the validity of the species and no taxonomic revisions underway.
211665334,Favia gravida,ANIMALIA,CNIDARIA,ANTHOZOA,SCLERACTINIA,FAVIIDAE,Favia,gravida,,,,,"Verrill, 1868",There are no taxonomic concerns relating to the validity of this species. It is considered valid according to the World Register of Marine Species (WoRMS) database (accessed October 2021).
213319691,Colpophyllia breviserialis,ANIMALIA,CNIDARIA,ANTHOZOA,SCLERACTINIA,FAVIIDAE,Colpophyllia,breviserialis,,,,,"Milne Edwards &amp; Haime, 1849","Based on morphological observations, Zlatarski and Estalella (1982), Bouchon and Laborel (1986) and Fenner (1993) concluded that&#160;<em>Colpophyllia breviserialis</em> should not be treated as a valid species separate from <em>C. natans</em>&#160;but it is considered valid according to Reyes <em>et al. </em>(2010) and the WoRMS online database (accessed February 2022). According to Spathias (2017), a taxonomic revision of the <em>Colpophyllia </em>genus that is underway is intended to resolve the uncertain status of <em>C. breviserialis</em>."
213319754,Porites gabonensis,ANIMALIA,CNIDARIA,ANTHOZOA,SCLERACTINIA,PORITIDAE,Porites,gabonensis,,,,,"Gravier, 1910","<em>Porites bernardi</em> Gravier, 1909 is a synonym of <em>P. gabonensis </em>Gravier, 1910. <em>Porites bernardi</em> Vaughan, 1907 is an unknown species (WoRMS accessed January 2022, B. Hoeksema pers. comm. 2022)."
133065,Tubipora musica,ANIMALIA,CNIDARIA,ANTHOZOA,ALCYONACEA,TUBIPORIDAE,Tubipora,musica,,,,,Linnaeus 1758,"According to the WoRMS online database (accessed March 2023), this species is placed in Malacalcyonacea."
215686170,Oculina arbuscula,ANIMALIA,CNIDARIA,ANTHOZOA,SCLERACTINIA,OCULINIDAE,Oculina,arbuscula,,,,,"Agassiz, 1880",This species is closely related to <em>Oculina varicosa</em> (Wagner 2006).
218755974,Acropora capillaris,ANIMALIA,CNIDARIA,ANTHOZOA,SCLERACTINIA,ACROPORIDAE,Acropora,capillaris,,,,,"(Klunzinger, 1879)",This species is not accepted by Veron <em>et al.</em> (2016). It is accepted according to the WoRMS online database (accessed June 2022).
218756059,Acropora intermedia,ANIMALIA,CNIDARIA,ANTHOZOA,SCLERACTINIA,ACROPORIDAE,Acropora,intermedia,,,,,"(Brook, 1891)",This species is part of a species complex (Veron <em>et al.</em> 2016).
218756142,Acropora mossambica,ANIMALIA,CNIDARIA,ANTHOZOA,SCLERACTINIA,ACROPORIDAE,Acropora,mossambica,,,,,"Riegl, 1995","According to Veron <em>et al.</em> (2016), this species is a synonym of <em>Acropora retusa</em>. It is accepted according to the WoRMS online database (accessed June 2022) and the revision of <em>Acropora </em>species by Wallace&#160;<em>et al.&#160;</em>(2012). Molecular work is recommended to clarify the taxonomic status of the record in southeast Australia."
218756449,Acropora sirikitiae,ANIMALIA,CNIDARIA,ANTHOZOA,SCLERACTINIA,ACROPORIDAE,Acropora,sirikitiae,,,,,"Wallace, Phongsuwan &amp; Muir, 2012",This species is very similar to <em>Acropora pruinosa</em> (Veron <em>et al</em>. 2016). Taxonomic uncertainty is very high for this species (Z. Richards pers. comm. 2022).
218756506,Acropora squamata,ANIMALIA,CNIDARIA,ANTHOZOA,SCLERACTINIA,ACROPORIDAE,Acropora,squamata,,,,,"Latypov, 1992",There is some taxonomic uncertainty associated with this species. It resembles <em>Acropora anthocercis</em> (Veron <em>et al</em>. 2016). It is not included in the revision and catalogue of <em>Acropora </em>by Wallace <em>et al</em>. (2012). It is valid according to the WoRMS online database (accessed June 2022).
218756497,Acropora sordiensis,ANIMALIA,CNIDARIA,ANTHOZOA,SCLERACTINIA,ACROPORIDAE,Acropora,sordiensis,,,,,"Riegl, 1995","According to Veron (2000) and Veron <em>et al</em>. (2016), this species is a synonym of <em>Acropora appressa</em>. This species was considered ‘unresolved’ by Wallace (1999) and was not included in the revision and catalogue of <em>Acropora </em>by Wallace <em>et al. </em>(2012). It is valid according to the WoRMS online database (accessed June 2022). In WoRMS, <em>A. appressa</em> is taxon inquirendum."
218756772,Alveopora superficialis,ANIMALIA,CNIDARIA,ANTHOZOA,SCLERACTINIA,ACROPORIDAE,Alveopora,superficialis,,,,,"Pillai &amp; Scheer, 1976","According to Veron <em>et al.</em> (2016), this species is a synonym of <em>Alveopora spongiosa</em>. It is included in a taxonomic checklist of Maldivian corals by Pichon and Benzoni (2007) based on Sheppard (1987) and Pillai and Scheer (1976). It is valid according to the WoRMS online database (accessed June 2022)."
218756802,Astreopora acroporina,ANIMALIA,CNIDARIA,ANTHOZOA,SCLERACTINIA,ACROPORIDAE,Astreopora,acroporina,,,,,"Wallace, Turak &amp; DeVantier, 2011",
218756814,Astreopora cenderawasih,ANIMALIA,CNIDARIA,ANTHOZOA,SCLERACTINIA,ACROPORIDAE,Astreopora,cenderawasih,,,,,"Wallace, Turak &amp; DeVantier, 2011",
218756835,Astreopora explanata,ANIMALIA,CNIDARIA,ANTHOZOA,SCLERACTINIA,ACROPORIDAE,Astreopora,explanata,,,,,"Veron, 1985","According to Veron (2000) and Veron <em>et al.</em> (2016), this species is a synonym of <em>Astreopora expansa</em>. This synonymy was accepted by a taxonomic study of <em>Astreopora</em> corals by Suzuki and Nomura (2013). It is accepted according to the WoRMS online database (accessed March 2022). There is high taxonomic uncertainty."
218756864,Astreopora lambertsi,ANIMALIA,CNIDARIA,ANTHOZOA,SCLERACTINIA,ACROPORIDAE,Astreopora,lambertsi,,,,,"Moll &amp; Best, 1984","According to Veron <em>et al</em>. (2016), this species is a synonym of <em>Astreopora gracilis</em>. It is not included in a taxonomic study of <em>Astreopora </em>corals by Suzuki and Nomura (2013). According to the species’ description by Moll and Best (1984), it resembles <em>Astreopora gracilis</em>, but the papillae of <em>A. gracilis</em> have a different tilting pattern towards the colony surface. It also loosely resembles <em>Astreopora suggesta</em>, but<em> A. suggesta</em> has differently sized mounds and corallites that are wider spaced and not arranged in a series. It was apparently considered valid by Wallace<em> et al</em>. (2011) and is accepted according to the WoRMS online database (accessed June 2022)."
218757170,Blastomussa omanensis,ANIMALIA,CNIDARIA,ANTHOZOA,SCLERACTINIA,PLEROGYRIDAE,Blastomussa,omanensis,,,,,"(Sheppard &amp; Sheppard, 1991)",
218757183,Blastomussa vivida,ANIMALIA,CNIDARIA,ANTHOZOA,SCLERACTINIA,PLEROGYRIDAE,Blastomussa,vivida,,,,,"Benzoni, Arrigoni &amp; Hoeksema, 2014",This species has been historically confused with <em>Blastomussa wellsi</em> (Benzoni <em>et al</em>. 2014).
218757223,Coelastrea tenuis,ANIMALIA,CNIDARIA,ANTHOZOA,SCLERACTINIA,MERULINIDAE,Coelastrea,tenuis,,,,,"Verrill, 1866","According to Veron <em>et al.</em> (2016), this species is probably a synonym of <em>Platygyra verweyi</em>. According to Huang <em>et al</em>. (2014) and Mitsuki<em> et al</em>. (2021), it is suspected to be a synonym of <em>Coelastrea aspera</em>. It is an accepted species according to the WoRMS online database (accessed February 2023). This is likely a misidentification that needs further investigation (D. Huang pers. comm. 2023)."
219537746,Favites solidocolumellae,ANIMALIA,CNIDARIA,ANTHOZOA,SCLERACTINIA,MERULINIDAE,Favites,solidocolumellae,,,,,"Latypov, 2006","According to Veron <em>et al</em>. (2016), this species is a synonym of <em>Favites flexuosa</em>. It is an accepted species according to Huang <em>et al</em>. (2014) and the WoRMS online database (accessed June 2022)."
219536496,Favites favosa,ANIMALIA,CNIDARIA,ANTHOZOA,SCLERACTINIA,MERULINIDAE,Favites,favosa,,,,,"(Ellis &amp; Solander, 1786)","According to Veron<em> et al</em>. (2016), the type specimen is lost and the description inadequate, and therefore, this species is probably unresolvable. It is an accepted species in the WoRMS online database (accessed June 2022)."
219535691,Favites melicerum,ANIMALIA,CNIDARIA,ANTHOZOA,SCLERACTINIA,MERULINIDAE,Favites,melicerum,,,,,"(Ehrenberg, 1834)","<em>Favites bestae</em>, which was previously published on the Red List in 2008 as Near Threatened, is now a synonym of <em>F. melicerum</em>. <em>Favites bestae</em> was synonymized by Huang <em>et al</em>. (2014). According to Veron <em>et al</em>. (2016), the type specimen of <em>F. melicerum</em> is lost and the description is inadequate, therefore, this species is probably unresolvable and the name <em>Favites bestae</em> is retained instead of synonymized. <em>Favites melicerum</em> is an accepted species and <em>F. bestae</em> is a synonym according to the WoRMS online database (accessed June 2022)."
219535329,Cyphastrea zhongjianensis,ANIMALIA,CNIDARIA,ANTHOZOA,SCLERACTINIA,MERULINIDAE,Cyphastrea,zhongjianensis,,,,,"Zou, 1980",This species is not included in Veron <em>et al. </em>(2016). It is an accepted species in the WoRMS online database (accessed February 2023). Taxonomic uncertainty is high (D. Huang pers. comm. 2023).
219535297,Cyphastrea magna,ANIMALIA,CNIDARIA,ANTHOZOA,SCLERACTINIA,MERULINIDAE,Cyphastrea,magna,,,,,"Benzoni &amp; Arrigoni, 2017",This species can be confused in the field with <em>Cyphastrea serailia</em> and&#160;<em>C. chalcidicum</em> (Arrigoni <em>et al.</em> 2017).
219535194,Cyphastrea kausti,ANIMALIA,CNIDARIA,ANTHOZOA,SCLERACTINIA,MERULINIDAE,Cyphastrea,kausti,,,,,"Bouwmeester &amp; Benzoni, 2015",This species was described by Bouwmeester<em> et al.</em> (2015) based on morphological differences from other <em>Cyphastrea </em>species. A more recent morpho-molecular assessment of the genus by Arrigoni <em>et al</em>. (2017) indicated that <em>C. kausti</em> should be synonymised with <em>C. microphthalma</em> although no formal taxonomic actions have been taken thus far regarding this matter so we currently evaluate <em>C. kausti </em>as a valid species.
219555536,Pectinia laxa,ANIMALIA,CNIDARIA,ANTHOZOA,SCLERACTINIA,MERULINIDAE,Pectinia,laxa,,,,,"Nemenzo, 1983",This species is not recognized by Veron <em>et al.</em> (2016) and was not included in the checklist of corals of the Philippines by Veron and Hodgson (1989) due to the lack of access to or existence of type specimens. It is an accepted species in the WoRMS online database (accessed February 2023).
219534949,Coelastrea incrustans,ANIMALIA,CNIDARIA,ANTHOZOA,SCLERACTINIA,MERULINIDAE,Coelastrea,incrustans,,,,,"(Duncan, 1889)",
219555553,Oulophyllia wellsi,ANIMALIA,CNIDARIA,ANTHOZOA,SCLERACTINIA,MERULINIDAE,Oulophyllia,wellsi,,,,,"(Ma, 1959)","<em>Erythrastrea flabellata</em>, which was previously published on the Red List in 2008 as Near Threatened, is now a synonym of <em>Oulophyllia wellsi</em> (Arrigoni <em>et al</em>. 2021)."
219538684,Merulina rotunda,ANIMALIA,CNIDARIA,ANTHOZOA,SCLERACTINIA,MERULINIDAE,Merulina,rotunda,,,,,"Nemenzo, 1959","This species is not recognized by Veron <em>et al</em>. (2016) and was not included in the checklist of corals of the Philippines by Veron and Hodgson (1989). It is an accepted species in the WoRMS online database (accessed February 2023). It was originally described as&#160;<em>Merulina vaughani var. rotunda</em> Nemenzo, 1959."
219555671,Blastomussa loyae,ANIMALIA,CNIDARIA,ANTHOZOA,SCLERACTINIA,PLEROGYRIDAE,Blastomussa,loyae,,,,,"Head, 1978","This species, originally described by Head (1978), was subject to some confusion and misplacement throughout the years. <em>Parasimplastrea sheppardi</em>, which was previously assessed on the Red List in 2008 as Endangered, is now a synonym of <em>Blastomussa loyae</em>.<br/><br/><em>Blastomussa loyae</em>, was considered by Veron (2000) as an ecomorph of <em>B. merleti</em>, but was reconfirmed as a valid species (Kleemann and Baal 2012, Benzoni <em>et al</em>. 2014). According to Benzoni <em>et al. </em>(2014), the neotype of <em>Parasimplastrea sheppardi</em> Veron, 2000 (as designated by Veron 2002) is actually a specimen of <em>Blastomussa loyae</em> Head, 1978. As a result, <em>P. sheppardi</em> is a subjective junior synonym of <em>B. loyae</em> (Benzoni<em> et al. </em>2014)."
219556110,Stylophora flabellata,ANIMALIA,CNIDARIA,ANTHOZOA,SCLERACTINIA,POCILLOPORIDAE,Stylophora,flabellata,,,,,"Quelch, 1886","According to Veron<em> et al.</em> (2016), this species is a synonym of <em>Stylophora pistillata</em>. It is an accepted species according to the WoRMS online database (accessed April 2023)."
219555896,Pocillopora mauritiana,ANIMALIA,CNIDARIA,ANTHOZOA,SCLERACTINIA,POCILLOPORIDAE,Pocillopora,mauritiana,,,,,"Brüggemann, 1877",This species is not included in Veron <em>et al.</em> (2016). It was included in a checklist of Indian Ocean corals by Sheppard (1987). It is an accepted species in the WoRMS online database (accessed March 2023).
219555864,Pocillopora acuta,ANIMALIA,CNIDARIA,ANTHOZOA,SCLERACTINIA,POCILLOPORIDAE,Pocillopora,acuta,,,,,"Lamarck, 1816",This cryptic species was resurrected from synonymy with <em>Pocillopora damicornis</em> by Schmidt-Roach <em>et al</em>. (2014). Additional taxonomic research that applies molecular genetics methods is recommended (Smith <em>et al</em>. 2017).
219555893,Pocillopora brevicornis,ANIMALIA,CNIDARIA,ANTHOZOA,SCLERACTINIA,POCILLOPORIDAE,Pocillopora,brevicornis,,,,,"Lamarck, 1816","The resurrection of this cryptic species from synonymy with <em>Pocillopora damicornis</em> requires further examination of additional samples to clarify its validity (Schmidt-Roach <em>et al.</em> 2014). It may be an ecomorph of <em>Pocillopora damicornis</em> (Veron 2013). <em>Pocillopora setchelli</em>, which was previously published on the Red List in 2008 as Least Concern, is now a synonym of <em>P. brevicornis</em> (WoRMS online database accessed April 2023)."
219555890,Pocillopora bairdi,ANIMALIA,CNIDARIA,ANTHOZOA,SCLERACTINIA,POCILLOPORIDAE,Pocillopora,bairdi,,,,,"Schmidt-Roach, 2014","This cryptic species was previously confused with the sympatric <em>Pocillopora damicornis</em> and <em>P. verrucosa</em> (Schmidt-Roach<em> et al. </em>2014). Veron <em>et al.</em> (2016) accepted this species as valid, but noted that it is very similar to <em>Pocillopora danae</em> and further study is needed to confirm its validity."
219555879,Pocillopora aliciae,ANIMALIA,CNIDARIA,ANTHOZOA,SCLERACTINIA,POCILLOPORIDAE,Pocillopora,aliciae,,,,,"Schmidt-Roach, Miller &amp; Andreakis, 2013",This cryptic species was previously considered an ecomorph of <em>Pocillopora damicornis</em> (Schmidt-Roach <em>et al</em>. 2013).
219555846,Pocillopora grandis,ANIMALIA,CNIDARIA,ANTHOZOA,SCLERACTINIA,POCILLOPORIDAE,Pocillopora,grandis,,,,,"Dana, 1846","<em>Pocillopora eydouxi</em>, which was previously assessed for the Red List in 2008 as Near Threatened, is now a synonym of <em>P. grandis</em> (Gélin <em>et al.</em> 2017, WoRMS online database accessed March 2023). However, it is considered in synonymy with <em>P. eydouxi</em> by Veron <em>et al.</em> (2016)."
219556082,Seriatopora spinosa,ANIMALIA,CNIDARIA,ANTHOZOA,SCLERACTINIA,POCILLOPORIDAE,Seriatopora,spinosa,,,,,"Milne Edwards, 1860",There is high taxonomic uncertainty associated with this species. It is not included in the Corals of the World database (Veron <em>et al.</em> 2016) but is valid according to the WoRMS database (accessed March 2024).
219556079,Seriatopora octoptera,ANIMALIA,CNIDARIA,ANTHOZOA,SCLERACTINIA,POCILLOPORIDAE,Seriatopora,octoptera,,,,,"Ehrenberg, 1834","According to Veron <em>et al.</em> (2016), this species is a synonym of <em>Seriatopora hystrix</em>. It is considered valid according to the WoRMS online database (accessed March 2023). This species is morphologically very similar to <em>S. hystrix</em> and they are impossible to tell apart unless applying molecular analysis."
219645876,Goniopora pedunculata,ANIMALIA,CNIDARIA,ANTHOZOA,SCLERACTINIA,PORITIDAE,Goniopora,pedunculata,,,,,"Quoy &amp; Gaimard, 1833","According to Veron <em>et al</em>. (2016), this is an unrecognized species. It is an accepted species in the WoRMS online database (accessed February 2023). <em>Goniopora minor</em>, which was previously published on the Red List in 2008 as Near Threatened, is now a synonym of <em>G. pedunculata</em> (WoRMS online database accessed February 2023)."
219645937,Goniopora granulosa,ANIMALIA,CNIDARIA,ANTHOZOA,SCLERACTINIA,PORITIDAE,Goniopora,granulosa,,,,,"Pillai &amp; Scheer, 1976","There is high taxonomic uncertainty associated with this species. According to the Corals of the World database (Veron&#160;<em>et al.</em>&#160;2016), this species is 'possibly valid'. It is valid according to the WoRMS online database (accessed March 2024)."
219645964,Goniopora petiolata,ANIMALIA,CNIDARIA,ANTHOZOA,SCLERACTINIA,PORITIDAE,Goniopora,petiolata,,,,,"Nemenzo, 1955",There is high taxonomic uncertainty associated with this species.&#160;This species is not included in the Corals of the World database (Veron&#160;<em>et al.</em>&#160;2016).&#160;It is valid according to the WoRMS online database (accessed March 2024).
219556728,Porites hadramauti,ANIMALIA,CNIDARIA,ANTHOZOA,SCLERACTINIA,PORITIDAE,Porites,hadramauti,,,,,"Benzoni &amp; Terraneo, 2019",
219556725,Porites gaimardi,ANIMALIA,CNIDARIA,ANTHOZOA,SCLERACTINIA,PORITIDAE,Porites,gaimardi,,,,,"Milne Edwards &amp; Haime, 1851",This species is not included in Veron <em>et al</em>. (2016). It was included in a checklist of Indian Ocean corals by Sheppard (1987). It is an accepted species in the WoRMS online database (accessed March 2023).
219556732,Porites hawaiiensis,ANIMALIA,CNIDARIA,ANTHOZOA,SCLERACTINIA,PORITIDAE,Porites,hawaiiensis,,,,,"Vaughan, 1907",This is a cryptic species (Veron <em>et al</em>. 2016). It was resurrected from synonymy with <em>Porites rus</em>&#160;(Forsman <em>et al</em>. 2010).
219556705,Porites fontanesii,ANIMALIA,CNIDARIA,ANTHOZOA,SCLERACTINIA,PORITIDAE,Porites,fontanesii,,,,,"Benzoni &amp; Stefani, 2012",Additional taxonomic information is described by Terraneo <em>et al</em>. (2019).
219556335,Porites cribripora,ANIMALIA,CNIDARIA,ANTHOZOA,SCLERACTINIA,PORITIDAE,Porites,cribripora,,,,,"Dana, 1846",This species is not included in Veron <em>et al.</em> (2016). It was included in a checklist of Indian Ocean corals by Sheppard (1987). It is an accepted species in the WoRMS online database (accessed March 2023).
219556124,Porites alveolata,ANIMALIA,CNIDARIA,ANTHOZOA,SCLERACTINIA,PORITIDAE,Porites,alveolata,,,,,"Milne Edwards, 1860",This is an unrecognized species according to Veron <em>et al</em>. (2016). It is an accepted species in the WoRMS online database (accessed March 2023).
219556748,Porites minicoiensis,ANIMALIA,CNIDARIA,ANTHOZOA,SCLERACTINIA,PORITIDAE,Porites,minicoiensis,,,,,"Pillai, 1967",This species is unresolved and no holotype is available to review (Veron <em>et al.</em>&#160;2016). It was included in a checklist of Indian Ocean corals by Sheppard (1987). It is an accepted species in the WoRMS online database (accessed June 2022).
219556745,Porites mannarensis,ANIMALIA,CNIDARIA,ANTHOZOA,SCLERACTINIA,PORITIDAE,Porites,mannarensis,,,,,"Pillai, 1967",This is an unrecognized species according to Veron <em>et al</em>. (2016). It is an accepted species in the WoRMS online database (accessed March 2023).
219645759,Porites palmata,ANIMALIA,CNIDARIA,ANTHOZOA,SCLERACTINIA,PORITIDAE,Porites,palmata,,,,,"Dana, 1846",This species is unresolved according to Veron <em>et al.</em> (2016). It was included in a checklist of Indian Ocean corals by Sheppard (1987). It is an accepted species in the WoRMS online database (accessed June 2022). This species is taxonomically incoherent (R. Roche pers. comm. 2023).
219556702,Porites farasani,ANIMALIA,CNIDARIA,ANTHOZOA,SCLERACTINIA,PORITIDAE,Porites,farasani,,,,,"Benzoni &amp; Terraneo, 2019",
219556679,Porites exserta,ANIMALIA,CNIDARIA,ANTHOZOA,SCLERACTINIA,PORITIDAE,Porites,exserta,,,,,"Pillai, 1967","According to Veron <em>et al.</em> (2016), this species is probably a synonym of <em>Porites lichen</em>. It is an accepted species in the WoRMS online database (accessed March 2023)."
219645765,Porites superfusa,ANIMALIA,CNIDARIA,ANTHOZOA,SCLERACTINIA,PORITIDAE,Porites,superfusa,,,,,"Gardiner, 1898",
219645763,Porites randalli,ANIMALIA,CNIDARIA,ANTHOZOA,SCLERACTINIA,PORITIDAE,Porites,randalli,,,,,"Forsman &amp; Birkeland, 2009",This cryptic species can be easily mistaken for a young colony of other species (Forsman and Birkeland 2009).
219646107,Psammocora eldredgei,ANIMALIA,CNIDARIA,ANTHOZOA,SCLERACTINIA,PSAMMOCORIDAE,Psammocora,eldredgei,,,,,"Randall, 2015","The original description of this species by Randall (2015) is based on morphology of the coral and states that other taxonomists may suggest this species is a mesophotic eco-morph of <em>Psammocora stellata</em>. While Randall (2015) provides compelling evidence that this is a distinct species, including that <em>P. stellata</em> does not occur deeper than 5 m and that <em>P. eldredgei</em> occurs deeper than 30 m which makes an eco-morph unlikely, taxonomic uncertainty is high for this species. Sampling of other mesophotic reefs should occur along with molecular analysis to confirm <em>P. eldredgei </em>is a distinct species."
219646681,Pseudosiderastrea formosa,ANIMALIA,CNIDARIA,ANTHOZOA,SCLERACTINIA,RHIZANGIIDAE,Pseudosiderastrea,formosa,,,,,"Pichon, Chuang &amp; Chen, 2012",
219803038,Echinophyllia hirsuta,ANIMALIA,CNIDARIA,ANTHOZOA,SCLERACTINIA,LOBOPHYLLIIDAE,Echinophyllia,hirsuta,,,,,"Nemenzo, 1979",This species is possibly a synonym of <em>Echinophyllia aspera</em> (Veron and Hodgson 1989). It is accepted in WoRMS (accessed July 2022).
219372935,Pleuractis alta,ANIMALIA,CNIDARIA,ANTHOZOA,SCLERACTINIA,FUNGIIDAE,Pleuractis,alta,,,,,"(Nemenzo, 1983)",Veron <em>et al</em>. (2016) reports this species (as <em>Fungia alta</em>) is a synonym of <em>Pleuractis </em>(<em>Fungia</em>) <em>gravis </em>based on conclusions by Hoeksema (1989). It is an accepted species according to the WoRMS online database (accessed June 2022).
219362305,Turbinaria cylindrica,ANIMALIA,CNIDARIA,ANTHOZOA,SCLERACTINIA,DENDROPHYLLIIDAE,Turbinaria,cylindrica,,,,,"Nemenzo, 1960","According to Veron and Hodgson (1989), this species is probably a synonym of <em>Turbinaria heronensis</em>. It is accepted but with mention of possible synonymy according to the WoRMS online database (accessed June 2022)."
219360406,Montipora ehrenbergii,ANIMALIA,CNIDARIA,ANTHOZOA,SCLERACTINIA,ACROPORIDAE,Montipora,ehrenbergii,,,,,"Verrill, 1872","According to Veron <em>et al</em>. (2016), this species is probably a synonym of <em>Montipora hispida</em>. It is an accepted species according to the WoRMS online database (accessed June 2022)."
219405448,Lobophyllia sinuosa,ANIMALIA,CNIDARIA,ANTHOZOA,SCLERACTINIA,LOBOPHYLLIIDAE,Lobophyllia,sinuosa,,,,,"(Quoy &amp; Gaimard, 1833)","According to Veron <em>et al</em>. (2016), this species is likely a synonym of <em>Lobophyllia recta</em>. It is accepted according to the WoRMS online database (accessed April 2022). Its status is not directly addressed in Huang<em> et al.</em> (2016). Taxonomic work is insufficient to determine its status."
219360420,Montipora explanata,ANIMALIA,CNIDARIA,ANTHOZOA,SCLERACTINIA,ACROPORIDAE,Montipora,explanata,,,,,"Brüggemann, 1879","According to Veron <em>et al. </em>(2016), this species is unrecognized. It is accepted according to the WoRMS online database (accessed April 2023)."
219362504,Euphyllia baliensis,ANIMALIA,CNIDARIA,ANTHOZOA,SCLERACTINIA,EUPHYLLIIDAE,Euphyllia,baliensis,,,,,"Turak, DeVantier and Erdmann, 2012",Taxonomic research may be warranted (B. Cowburn pers. comm. 2024).
219406091,Sclerophyllia margariticola,ANIMALIA,CNIDARIA,ANTHOZOA,SCLERACTINIA,LOBOPHYLLIIDAE,Sclerophyllia,margariticola,,,,,"Klunzinger, 1879","This species was resurrected from synonymy under <em>Cynarina lacrymalis</em> by Arrigoni <em>et al</em>. (2015). It is easily confused with several other species, especially <em>Sclerophyllia maxima</em>, to which it is closely related (Arrigoni <em>et al</em>. 2015, Veron <em>et al.</em> 2016)."
219379520,Podabacia lankaensis,ANIMALIA,CNIDARIA,ANTHOZOA,SCLERACTINIA,FUNGIIDAE,Podabacia,lankaensis,,,,,"Veron, 2000",
219379503,Podabacia kunzmanni,ANIMALIA,CNIDARIA,ANTHOZOA,SCLERACTINIA,FUNGIIDAE,Podabacia,kunzmanni,,,,,"Hoeksema, 2009",This species can be confused with other <em>Podabacia </em>species as well as juveniles of <em>Sandalolitha</em> species (Hoeksema 2009).
219379539,Sandalolitha boucheti,ANIMALIA,CNIDARIA,ANTHOZOA,SCLERACTINIA,FUNGIIDAE,Sandalolitha,boucheti,,,,,"Hoeksema, 2012",Additional taxonomic work is needed to differentiate this species from <em>Sandalolitha dentata</em> (Veron <em>et al</em>. 2016).
219379542,Echinophyllia bulbosa,ANIMALIA,CNIDARIA,ANTHOZOA,SCLERACTINIA,LOBOPHYLLIIDAE,Echinophyllia,bulbosa,,,,,"Arrigoni, Benzoni &amp; Berumen, 2016",This species can be confused with <em>Echinophyllia aspera</em> (Arrigoni <em>et al</em>. 2016).
218756974,Astreopora montiporina,ANIMALIA,CNIDARIA,ANTHOZOA,SCLERACTINIA,ACROPORIDAE,Astreopora,montiporina,,,,,"Wallace, Turak &amp; DeVantier, 2011",
219361189,Montipora manauliensis,ANIMALIA,CNIDARIA,ANTHOZOA,SCLERACTINIA,ACROPORIDAE,Montipora,manauliensis,,,,,"Pillai, 1967","According to Veron<em> et al.</em> (2016), this species is possibly valid. It is accepted according to the WoRMS online database (accessed April 2023)."
219360762,Montipora gracilis,ANIMALIA,CNIDARIA,ANTHOZOA,SCLERACTINIA,ACROPORIDAE,Montipora,gracilis,,,,,"Klunzinger, 1879","According to Veron <em>et al.</em> (2016), this is an unrecognized species. It is accepted according to the WoRMS online database (accessed April 2023)."
219405797,Micromussa indiana,ANIMALIA,CNIDARIA,ANTHOZOA,SCLERACTINIA,LOBOPHYLLIIDAE,Micromussa,indiana,,,,,"Benzoni &amp; Arrigoni, 2016",This species was previously identified as <em>Micromussa amakusensis</em> (Arrigoni <em>et al.</em> 2016).
219360746,Montipora fragosa,ANIMALIA,CNIDARIA,ANTHOZOA,SCLERACTINIA,ACROPORIDAE,Montipora,fragosa,,,,,"Verrill, 1869","According to Veron <em>et al.</em> (2016), this species is probably a synonym of <em>Montipora aequituberculata</em>. It is accepted according to the WoRMS online database (accessed April 2023). The only known specimen was poorly described and the type locality is not entirely understood (Squires 1959) and taxonomic uncertainty remains high (Glynn 2017)."
219360796,Montipora jonesi,ANIMALIA,CNIDARIA,ANTHOZOA,SCLERACTINIA,ACROPORIDAE,Montipora,jonesi,,,,,"Pillai, 1986","According to Veron <em>et al.</em> (2016), this species is unrecognized. It is considered unique among the <em>Montipora </em>species of India according to the Handbook on Hard Corals of India by Venkataraman <em>et al.</em> (2003). It is accepted according to the WoRMS online database (accessed April 2023)."
219358778,Acropora eurystoma,ANIMALIA,CNIDARIA,ANTHOZOA,SCLERACTINIA,ACROPORIDAE,Acropora,eurystoma,,,,,"(Klunzinger, 1879)","<em>Acropora pagoensis</em>, which was previously published as Data Deficient on the Red List in 2008, is now a synonym of <em>A. eurystoma</em>. It is considered a valid species in WoRMS (accessed November 2023). However, further research is needed to clarify the differences between this species and the resembling species&#160;<em>Acropora tenuis</em> (Veron<em> et al.</em> 2016)."
219360834,Montipora maldivensis,ANIMALIA,CNIDARIA,ANTHOZOA,SCLERACTINIA,ACROPORIDAE,Montipora,maldivensis,,,,,"Pillai &amp; Scheer, 1976","According to Veron <em>et al.</em> (2016), this species is probably a synonym of <em>Montipora effusa</em>. It is accepted according to the WoRMS online database (accessed April 2023)."
219406010,Micromussa pacifica,ANIMALIA,CNIDARIA,ANTHOZOA,SCLERACTINIA,LOBOPHYLLIIDAE,Micromussa,pacifica,,,,,"Benzoni &amp; Arrigoni, 2016",This species is easily confused with the largely sympatric species&#160;<em>Homophyllia australis</em> (Arrigoni <em>et al.</em> 2016).
219358889,Acropora muricata,ANIMALIA,CNIDARIA,ANTHOZOA,SCLERACTINIA,ACROPORIDAE,Acropora,muricata,,,,,"(Linnaeus, 1758)","<em>Acropora copiosa</em> and <em>A. formosa</em>, which were previously published on the Red List in 2008 as Data Deficient and Near Threatened, respectively, are now synonyms of <em>A. muricata</em>. This is the type species for the genus <em>Acropora </em>(Wallace 1999), and it has many synonyms."
219361557,Montipora marshallensis,ANIMALIA,CNIDARIA,ANTHOZOA,SCLERACTINIA,ACROPORIDAE,Montipora,marshallensis,,,,,"Wells, 1954","According to Veron <em>et al.</em> (2016), this species is probably a synonym of <em>Montipora crassituberculata</em>. It is accepted according to the WoRMS online database (accessed June 2022)."
219361627,Montipora suvadivae,ANIMALIA,CNIDARIA,ANTHOZOA,SCLERACTINIA,ACROPORIDAE,Montipora,suvadivae,,,,,"Pillai &amp; Scheer, 1976","According to Veron <em>et al.</em> (2016), this species is unresolved. It is accepted according to the WoRMS online database (accessed April 2023)."
219361603,Montipora sinuosa,ANIMALIA,CNIDARIA,ANTHOZOA,SCLERACTINIA,ACROPORIDAE,Montipora,sinuosa,,,,,"Pillai &amp; Scheer, 1976","According to Veron<em> et al</em>. (2016), this species is probably a synonym of <em>Montipora undata</em>. It is accepted according to the WoRMS online database (accessed April 2023)."
219361656,Montipora tortuosa,ANIMALIA,CNIDARIA,ANTHOZOA,SCLERACTINIA,ACROPORIDAE,Montipora,tortuosa,,,,,"(Dana, 1846)","According to Veron and Wallace (1984) and Veron <em>et al</em>. (2016), this species is probably a synonym of <em>Montipora digitata</em>. The two species appear to be morphologically distinct, but further study is needed to clarify their separation as two species (Stobart 2000). It is accepted according to the WoRMS online database (accessed April 2023)."
219404671,Lobophyllia costata,ANIMALIA,CNIDARIA,ANTHOZOA,SCLERACTINIA,LOBOPHYLLIIDAE,Lobophyllia,costata,,,,,"(Dana, 1846)","According to Veron <em>et al.</em> (2016), this species is a synonym of <em>Lobophyllia hemprichii</em>. It is accepted according to the WoRMS online database (accessed March 2022). This species is similar in appearance and distribution to <em>L. hemprichii </em>and it is unresolved whether it should be accepted as a valid species or not until further taxonomic research is conducted (D. Obura pers. comm. 2022). According to genetic analyses by Arrigoni <em>et al.</em> (2014), it is closely related to<em> L. diminuta</em>."
219361692,Pavona diminuta,ANIMALIA,CNIDARIA,ANTHOZOA,SCLERACTINIA,AGARICIIDAE,Pavona,diminuta,,,,,"Veron, 1990","According to Veron <em>et al</em>. (2016), this species is a synonym of <em>Pavona duerdeni</em>. It is accepted according to the WoRMS online database (accessed March 2022)."
219365839,Cycloseris boschmai,ANIMALIA,CNIDARIA,ANTHOZOA,SCLERACTINIA,FUNGIIDAE,Cycloseris,boschmai,,,,,"Hoeksema, 2014",This species resembles <em>Cycloseris tenuis</em> and <em>C. vaughani </em>(Hoeksema 2014).
219379763,Echinophyllia galli,ANIMALIA,CNIDARIA,ANTHOZOA,SCLERACTINIA,LOBOPHYLLIIDAE,Echinophyllia,galli,,,,,"Benzoni &amp; Arrigoni, 2016","Based on genetic similarity, <em>Echinophyllia echinoporoides</em> is a sister species to <em>E. galli</em>, but they do not co-occur (Arrigoni <em>et al. </em>2016)."
219379838,Echinophyllia tarae,ANIMALIA,CNIDARIA,ANTHOZOA,SCLERACTINIA,LOBOPHYLLIIDAE,Echinophyllia,tarae,,,,,"Benzoni, 2013",This species resembles <em>Echinophyllia echinata</em> and <em>Echinomorpha nishihirai</em> (Benzoni 2013) as well as <em>Echinophyllia aspera</em> and <em>E. orpheensis</em> (Arrigoni <em>et al.</em> 2016). <em>Echinomorpha nishihirai</em> is possibly a sister species to <em>Echinophyllia tarae</em> (Huang <em>et al.</em> 2016).
219360074,Montipora berryi,ANIMALIA,CNIDARIA,ANTHOZOA,SCLERACTINIA,ACROPORIDAE,Montipora,berryi,,,,,"Hoffmeister, 1925","According to Veron<em> et al.</em> (2016), this species is possibly a synonym of <em>Montipora informis</em>. It is accepted according to the WoRMS online database (accessed April 2023)."
219360115,Montipora edwardsi,ANIMALIA,CNIDARIA,ANTHOZOA,SCLERACTINIA,ACROPORIDAE,Montipora,edwardsi,,,,,"Bernard, 1897","According to Veron <em>et al.</em> (2016), this species is unrecognized. It is accepted according to the WoRMS online database (accessed January 2023)."
218755947,Acropora arafura,ANIMALIA,CNIDARIA,ANTHOZOA,SCLERACTINIA,ACROPORIDAE,Acropora,arafura,,,,,"Wallace, Done &amp; Muir, 2012","According to Veron <em>et al.</em> (2016), this species is likely a synonym of <em>Acropora digitifera</em>. It is an accepted species according to the WoRMS online database (accessed March 2022) and Coral Trait Database (accessed August 2023). Thus, it is a possibly valid species."
219360100,Montipora conicula,ANIMALIA,CNIDARIA,ANTHOZOA,SCLERACTINIA,ACROPORIDAE,Montipora,conicula,,,,,"Wells, 1954","According to Veron <em>et al</em>. (2016), this species is unresolved. It is accepted according to the WoRMS online database (accessed April 2023)."
219360097,Montipora carinata,ANIMALIA,CNIDARIA,ANTHOZOA,SCLERACTINIA,ACROPORIDAE,Montipora,carinata,,,,,"Nemenzo, 1967","<em>Montipora hirsuta</em>, which was previously published on the Red List in 2008 as Near Threatened, is now a synonym of <em>M. carinata</em> (Veron <em>et al</em>. 2016, WoRMS online database accessed April 2023)."
219378635,Pleuractis gravis,ANIMALIA,CNIDARIA,ANTHOZOA,SCLERACTINIA,FUNGIIDAE,Pleuractis,gravis,,,,,"(Nemenzo, 1955)","This species was previously in the genus <em>Fungia</em>, but is now placed in <em>Pleuractis </em>according to work by Gittenberger <em>et al</em>. (2011). Veron <em>et al</em>. (2016) did not accept this genus change, but it is accepted in the WoRMS online database (accessed June 2022)."
219361780,Pavona divaricata,ANIMALIA,CNIDARIA,ANTHOZOA,SCLERACTINIA,AGARICIIDAE,Pavona,divaricata,,,,,"(Lamarck, 1816)","According to Veron <em>et al</em>. (2016), this species is a synonym of <em>Pavona frondifera</em>. It is an accepted species according to the WoRMS online database (accessed June 2022)."
219404791,Lobophyllia grandis,ANIMALIA,CNIDARIA,ANTHOZOA,SCLERACTINIA,LOBOPHYLLIIDAE,Lobophyllia,grandis,,,,,"Latypov, 2006","According to Veron <em>et al</em>. (2016), the description of this species by Latypov (2006) is not adequate, and it is therefore an unresolved species. It is accepted according to the WoRMS online database (accessed March 2022)."
219646684,Pachyseris inattesa,ANIMALIA,CNIDARIA,ANTHOZOA,SCLERACTINIA,NOT ASSIGNED,Pachyseris,inattesa,,,,,"Benzoni &amp; Terraneo, 2014","This species is easily confused with <em>Leptoseris </em>species, especially <em>L. foliosa</em>, in the field (Veron <em>et al. </em>2016). The <em>Pachyseris </em>genus appears to be closely related to Euphylliidae, but family placement remains uncertain (Terraneo <em>et al</em>. 2014, WoRMS online database accessed July 2022)."
133193,Heliopora coerulea,ANIMALIA,CNIDARIA,ANTHOZOA,SCLERALCYONACEA,HELIOPORIDAE,Heliopora,coerulea,,,,,Pallas 1766,
50015694,Pennatula aculeata,ANIMALIA,CNIDARIA,ANTHOZOA,PENNATULACEA,PENNATULIDAE,Pennatula,aculeata,,,,,"Danielssen, 1860","Sensu López-González (1993) <em>Pennatula aculeata</em> and <em>P. rubra</em> can be a single species; however, Brito and Ocaña (2004) note that there are important differences between the material deposited in the Museum National d’Histoire Naturelle, Paris. Deeper and more detailed studies are needed to solve this matter. For this assessment, both species are considered separate."
50015525,Pennatula phosphorea,ANIMALIA,CNIDARIA,ANTHOZOA,PENNATULACEA,PENNATULIDAE,Pennatula,phosphorea,,,,,"Linnaeus, 1758","There are four valid varieties of <em>Pennatula phosphorea</em> at the time of this assessment: <em>P. phosphorea</em> var. <em>antarctica</em> Kükenthal, 1910, <em>P. phosphorea</em> var. <em>californica</em> Kükenthal, 1913, <em>P. phosphorea</em> var. <em>candida</em> Marshall &amp; Fowler, 1888, and <em>P. phosphorea</em> var. <em>longispinosa</em> Moroff, 1902. Recent molecular work indicates the Atlantic and Pacific <em>P. phosphorea</em> might represent different species (García-Cárdenas <em>et al</em>. 2019). Therefore, for the purposes of this assessment only the Atlantic populations are considered."
244917651,Anthothela grandiflora,ANIMALIA,CNIDARIA,ANTHOZOA,ALCYONACEA,ALCYONIIDAE,Anthothela,grandiflora,,,,,"(Sars, 1856)",Herein we assess <em>Anthothela grandiflora</em> as revised by Moore <em>et al</em>. (2017). Included distribution records are those cited in Moore <em>et al</em>. 2017 plus some additional records of sequenced specimens and specimens examined after the revision.
244921024,Radicipes gracilis,ANIMALIA,CNIDARIA,ANTHOZOA,ALCYONACEA,CHRYSOGORGIIDAE,Radicipes,gracilis,,,,,"(Verrill, 1884)",
244921272,Heteropolypus sol,ANIMALIA,CNIDARIA,ANTHOZOA,ALCYONACEA,CORALLIIDAE,Heteropolypus,sol,,,,,"Molodtsova, 2013",
244921675,Ceratocaulon wandeli,ANIMALIA,CNIDARIA,ANTHOZOA,ALCYONACEA,XENIICAE,Ceratocaulon,wandeli,,,,,"Jungersen, 1892",
244922366,Paragorgia arborea,ANIMALIA,CNIDARIA,ANTHOZOA,ALCYONACEA,CORALLIIDAE,Paragorgia,arborea,,,,,"(Linnaeus, 1758)","Recent taxonomic revisions have demonstrated that North Pacific records formerly attributed to <em>Paragorgia arborea</em> represent a separate valid species, <em>P. pacifica</em> (Herrera and Shank 2016)."
244923296,Distichoptilum gracile,ANIMALIA,CNIDARIA,ANTHOZOA,PENNATULACEA,PROTOPTILIDAE,Distichoptilum,gracile,,,,,"Verrill, 1882",
244923659,Convexella jungerseni,ANIMALIA,CNIDARIA,ANTHOZOA,ALCYONACEA,PRIMNOIDAE,Convexella,jungerseni,,,,,"(Madsen, 1944)",
244924692,Primnoa resedaeformis,ANIMALIA,CNIDARIA,ANTHOZOA,ALCYONACEA,PRIMNOIDAE,Primnoa,resedaeformis,,,,,"(Gunnerus, 1763)",
244925843,Paragorgia johnsoni,ANIMALIA,CNIDARIA,ANTHOZOA,ALCYONACEA,CORALLIIDAE,Paragorgia,johnsoni,,,,,"Gray, 1862",
244931668,Trachythela rudis,ANIMALIA,CNIDARIA,ANTHOZOA,ALCYONACEA,VICTORGORGIIDAE,Trachythela,rudis,,,,,"Verrill, 1922",
244932290,Balticina christii,ANIMALIA,CNIDARIA,ANTHOZOA,PENNATULACEA,BALTICINIDAE,Balticina,christii,,,,,"(Koren &amp; Danielssen, 1848)",Records in the Northwest Atlantic identified as <em>Halipteris cf. christii </em>are not considered within the scope of this assessment.
244932671,Candidella imbricata,ANIMALIA,CNIDARIA,ANTHOZOA,ALCYONACEA,PRIMNOIDAE,Candidella,imbricata,,,,,"(Johnson, 1862)",
244933041,Enallopsammia profunda,ANIMALIA,CNIDARIA,ANTHOZOA,SCLERACTINIA,DENDROPHYLLIIDAE,Enallopsammia,profunda,,,,,"(Pourtalès, 1867)",
244933209,Gyrophyllum hirondellei,ANIMALIA,CNIDARIA,ANTHOZOA,PENNATULACEA,GYROPHYLIIDAE,Gyrophyllum,hirondellei,,,,,"Studer, 1891",
244936659,Anthoptilum murrayi,ANIMALIA,CNIDARIA,ANTHOZOA,PENNATULACEA,ANTHOPTILIDAE,Anthoptilum,murrayi,,,,,"Kölliker, 1880",
50014335,Kophobelemnon stelliferum,ANIMALIA,CNIDARIA,ANTHOZOA,PENNATULACEA,KOPHOBELEMNIDAE,Kophobelemnon,stelliferum,,,,,"(Müller, 1776)","<em>Kophobelemnon stelliferum</em> forms elongate, cylindrical, and clavate colonies, gradually widening distally and up to 30 cm high (more commonly 4–18 cm high in the Mediterranean Sea) with a bulb to anchor in the mud. The high content of sclerites makes the colony very rigid. Sclerites are smaller in the Mediterranean colonies (López-González <em>et al</em>. 2001, Mastrototaro <em>et al</em>. 2013). The colonies (greyish and whitish) consist of a primary polyp that forms the rachis and of a great number of secondary polyps divided into autozooids (up to 12 large zooids with well-developed, not completely retractile pinnular tentacles) and siphonozooids (Mastrototaro <em>et al</em>. 2013).<br/><br/>Nine species of <em>Kophobelemnon</em> have been considered valid in the last revision of the taxon (Williams 1995) with four Indo-Pacific species, two from Atlantic and Pacific localities, one from the Caribbean Sea, one from the Antarctic, and one from the Mediterranean Sea (Kükenthal 1915, Keller <em>et al</em>. 1975, Pasternak 1975, Williams 1990). Despite this, for a long time, the existence of an endemic Mediterranean species, <em>Kophobelemnon leuckartii</em> Kölliker, 1872, has been supposed based on smaller sizes of colony and sclerites (Gili and Pagès 1987). However, Kükenthal (1915) considered the two species to be synonymous and Mastrototaro <em>et al</em>. (2013), in support of this unification, hypothesized a case of Mediterranean dwarfism due to the particular hydrological conditions of this basin with respect to those present in the Atlantic Ocean. Changes in colony morphology of <em>K. stelliferum</em> were observed by Rice <em>et al</em>. (1992), who suggested a relation between larger colonies, greater depths, and decreased availability of food or alternatively weaker near-bottom currents."
50013368,Funiculina quadrangularis,ANIMALIA,CNIDARIA,ANTHOZOA,PENNATULACEA,FUNICULINIDAE,Funiculina,quadrangularis,,,,,"(Pallas, 1766)",
250270380,Cyphastrea salae,ANIMALIA,CNIDARIA,ANTHOZOA,SCLERACTINIA,MERULINIDAE,Cyphastrea,salae,,,,,"Baird, Hoogenboom &amp; Huang, 2017",
254257555,Plesiastrea peroni,ANIMALIA,CNIDARIA,ANTHOZOA,SCLERACTINIA,PLESIASTREIDAE,Plesiastrea,peroni,,,,,"Milne Edwards &amp; Haime, 1857","<em>Plesiastrea versipora</em><span style=""background-color: rgb(255, 255, 255);"">&#160;was revised and split, with&#160;</span><em>P. versipora</em><span style=""background-color: rgb(255, 255, 255);"">&#160;now considered present only in Australia and</span><span style=""background-color: rgb(255, 255, 255);"">&#160;</span><em>P. peroni</em><span style=""background-color: rgb(255, 255, 255);"">&#160;present in northern Australia and elsewhere within the previous range attributed to&#160;</span><em>P. versipora&#160;</em><span style=""background-color: rgb(255, 255, 255);"">(</span><span style=""background-color: rgb(255, 255, 255);"">Juszkiewicz&#160;</span><em>et al</em><span style=""background-color: rgb(255, 255, 255);"">. 2022).</span>"
254257301,Astrea rotulosa,ANIMALIA,CNIDARIA,ANTHOZOA,SCLERACTINIA,MERULINIDAE,Astrea,rotulosa,,,,,"(Ellis &amp; Solander, 1786)","According to Veron <em>et al</em>. (2016), this species is a synonym of <em>Astrea rotulosa</em>. According to Huang <em>et al</em>. (2014), it is a valid sister species of <em>A. rotulosa</em>. It is accepted in the WoRMS online database (accessed February 2023). The name <em>A. devantieri</em> is a synonym of <em>A. rotulosa</em> (D. Huang pers. comm. 2023)."
254256661,Leptoseris kalayaanensis,ANIMALIA,CNIDARIA,ANTHOZOA,SCLERACTINIA,AGARICIIDAE,Leptoseris,kalayaanensis,,,,,"Licuanan &amp; Alino, 2009",
254256613,Leptoseris glabra,ANIMALIA,CNIDARIA,ANTHOZOA,SCLERACTINIA,AGARICIIDAE,Leptoseris,glabra,,,,,"Dinesen, 1980","<em>Leptoseris glabra</em> may actually represent multiple species (Gijsbers <em>et al.</em> 2023). According to Veron <em>et al</em>. (2016) this species is a synonym of <em>Leptoseris explanata</em>. However, it is valid according to the WoRMS online database (accessed March 2024)."
254254010,Leptoseris fragilis,ANIMALIA,CNIDARIA,ANTHOZOA,SCLERACTINIA,AGARICIIDAE,Leptoseris,fragilis,,,,,"Milne Edwards &amp; Haime, 1849","According to Veron <em>et al.</em> (2016), this species is 'unrecognized' as the holotype had been lost. However, Benzoni (2022) reported on the rediscovery of the type material. It is valid according to the WoRMS online database (accessed March 2024)."
254256760,Leptastrea gibbosa,ANIMALIA,CNIDARIA,ANTHOZOA,SCLERACTINIA,LEPTASTREIDAE,Leptastrea,gibbosa,,,,,"Benzoni &amp; Arrigoni, 2020",
254257010,Leptastrea magaloni,ANIMALIA,CNIDARIA,ANTHOZOA,SCLERACTINIA,LEPTASTREIDAE,Leptastrea,magaloni,,,,,"Benzoni &amp; Arrigoni, 2020",
254253765,Acropora kenti,ANIMALIA,CNIDARIA,ANTHOZOA,SCLERACTINIA,ACROPORIDAE,Acropora,kenti,,,,,"(Brook, 1892)","This species was previously considered a junior synonym of&#160;<em>Acropora tenuis</em>&#160;and was resurrected according to Bridge&#160;<em>et al</em>. (2023); however, there is considerable taxonomic uncertainty (Z. Richards pers. comm. 2024)."
254252554,Acropora bifaria,ANIMALIA,CNIDARIA,ANTHOZOA,SCLERACTINIA,ACROPORIDAE,Acropora,bifaria,,,,,"(Brook, 1892)","This species was previously considered a junior synonym of&#160;<em>Acropora tenuis</em>&#160;and was resurrected according to Bridge&#160;<em>et al</em>. (2023); however, there is considerable taxonomic uncertainty (Z. Richards pers. comm. 2024)."
254251669,Acropora africana,ANIMALIA,CNIDARIA,ANTHOZOA,SCLERACTINIA,ACROPORIDAE,Acropora,africana,,,,,"(Brook, 1893)","This species was previously considered a junior synonym of <em>Acropora tenuis</em> and was resurrected according to Bridge <em>et al</em>. (2023); however, there is considerable taxonomic uncertainty (Z. Richards pers. comm. 2024)."
254253943,Acropora rongoi,ANIMALIA,CNIDARIA,ANTHOZOA,SCLERACTINIA,ACROPORIDAE,Acropora,rongoi,,,,,"Bridge &amp; Cowman, 2023","There is high taxonomic uncertainty associated with this species (Z. Richards pers. comm. 2024). Specimens of this species were previously identified as <em>Acropora striata</em>, <em>A. elseyi </em>and <em>A. florida </em>(Bridge <em>et al</em>. 2023)."
254253956,Acropora tenuissima,ANIMALIA,CNIDARIA,ANTHOZOA,SCLERACTINIA,ACROPORIDAE,Acropora,tenuissima,,,,,"Bonito, Bridge, Fenner &amp; Baird, 2023",There is high taxonomic uncertainty associated with this species (Z. Richards pers. comm. 2024). Some specimens of this species were previously identified as&#160;<em>Acropora nana</em><em>&#160;</em>(Bridge&#160;<em>et al</em>. 2023).
133062,Mycetophyllia lamarckiana,ANIMALIA,CNIDARIA,ANTHOZOA,SCLERACTINIA,FAVIIDAE,Mycetophyllia,lamarckiana,,,,,"Milne Edwards &amp; Haime, 1848",
219409385,Acropora eibli,ANIMALIA,CNIDARIA,ANTHOZOA,SCLERACTINIA,ACROPORIDAE,Acropora,eibli,,,,,"Pillai &amp; Scheer, 1976",There is high taxonomic uncertainty associated with this species. It is considered valid according to the revision by Wallace <em>et al</em>. (2012) but is not accepted by Veron <em>et al.</em> (2016) until further specimen review is conducted.
133655,Acropora akajimensis,ANIMALIA,CNIDARIA,ANTHOZOA,SCLERACTINIA,ACROPORIDAE,Acropora,akajimensis,,,,,"Veron, 1990","This species was previously considered a synonym of&#160;<em>Acropora donei&#160;</em>and was resurrected according to Bridge&#160;<em>et al</em>. (2023); however, there is considerable taxonomic uncertainty (Z. Richards pers. comm. 2024)."
132950,Acropora macrostoma,ANIMALIA,CNIDARIA,ANTHOZOA,SCLERACTINIA,ACROPORIDAE,Acropora,macrostoma,,,,,"(Brook, 1891)","This species was previously considered a junior synonym of&#160;<em>Acropora tenuis</em>&#160;and was resurrected according to Bridge&#160;<em>et al</em>. (2023); however, there is considerable taxonomic uncertainty (Z. Richards pers. comm. 2024)."
